PERNOD RICARD SA;L'OREAL;VINCI SA;BANCO BILBAO VIZCAYA ARGENTA;BANCO SANTANDER SA;ASML HOLDING NV;KONINKLIJKE PHILIPS NV;TELEFONICA SA;TOTAL SE;AIR LIQUIDE SA;AXA SA;BNP PARIBAS;DANONE;VIVENDI SE;ESSILORLUXOTTICA;LVMH MOET HENNESSY LOUIS VUI;KERING;AMADEUS IT GROUP SA;SAFRAN SA;KONINKLIJKE AHOLD DELHAIZE N;UNILEVER PLC;IBERDROLA SA;ING GROEP NV;LINDE PLC;INDUSTRIA DE DISENO TEXTIL;INTESA SANPAOLO;ENI SPA;ENGIE;ORANGE;ANHEUSER-BUSCH INBEV SA/NV;SANOFI;SOCIETE GENERALE SA;ENEL SPA;NOKIA OYJ;SCHNEIDER ELECTRIC SE;ALLIANZ SE-REG;AIRBUS SE;BAYER AG-REG;BAYERISCHE MOTOREN WERKE AG;CRH PLC;BASF SE;SIEMENS AG-REG;VOLKSWAGEN AG-PREF;MUENCHENER RUECKVER AG-REG;FRESENIUS SE & CO KGAA;SAP SE;ADIDAS AG;DEUTSCHE TELEKOM AG-REG;DEUTSCHE POST AG-REG;MERCEDES-BENZ GROUP AG;DEUTSCHE BOERSE AG
149.0;220.5;79.1;5.028;3.97;162.52;34.7;7.315;48.985;96.36363636363636;20.37;40.415;65.26;22.73;106.1;290.85;468.2;68.46;114.2;22.85;48.7;7.184;10.722;147.65;24.82;1.984;14.78;14.04;13.195;66.89;73.39;23.785;5.212;5.536;66.14;184.2;107.18;65.55;69.35;26.75;64.52;92.25;141.86;201.0;46.8;93.56;197.0;14.145;26.0;49.3;110.25
150.55;221.8;80.52;5.194;4.1;163.08;35.09;7.5;49.695;97.13636363636363;20.745;42.11;65.69;24.01;105.8;294.2;473.5;68.32;115.15;22.97;48.7;7.25;11.042;149.8;25.59;2.047;15.12;14.12;13.425;68.45;75.24;24.545;5.236;5.568;68.16;190.14;110.98;68.17;70.77;26.9;66.32;94.62;144.4;204.2;47.26;94.3;199.15;14.26;26.75;50.61;111.3
150.0;224.7;80.46;5.227;4.12;162.0;34.855;7.562;49.51;97.27272727272727;20.78;42.425;65.91;23.93;106.8;295.1;475.4;69.0;115.55;22.87;49.2;7.242;11.096;150.4;25.64;2.065;15.176;14.075;13.595;68.64;75.39;25.175;5.244;5.54;68.08;189.52;111.26;68.16;70.59;27.32;66.14;93.9;142.74;203.7;47.17;94.21;198.55;14.38;26.11;50.4;111.75
149.45;223.1;80.28;5.189;4.084;161.14;34.745;7.6;49.51;97.09090909090908;20.79;42.24;66.39;23.84;105.9;297.25;475.2;68.74;115.8;23.035;48.9;7.228;11.072;148.75;25.77;2.0555;15.198;14.085;13.655;67.76;74.67;25.04;5.226;5.396;67.88;191.04;111.14;67.8;71.04;27.42;65.86;94.05;143.18;205.0;46.68;94.02;201.8;14.48;26.39;50.46;110.75
151.0;224.4;81.04;5.237;4.1405;161.84;34.76;7.68;49.63;98.36363636363636;21.16;42.565;66.88;23.95;107.3;296.6;474.5;68.94;117.5;22.915;49.1;7.322;11.096;148.9;25.48;2.0565;15.252;14.11;13.645;68.81;74.2;25.32;5.232;5.346;69.4;192.0;111.12;68.36;72.51;27.65;66.32;94.6;146.68;206.2;49.0;94.45;202.1;14.58;26.71;51.76;111.05
152.95;225.5;82.06;5.224;4.1465;160.36;34.715;7.773;49.735;98.95454545454544;21.39;41.595;67.8;23.97;107.15;296.95;476.4;68.54;118.25;22.95;49.4;7.4;10.95;151.4;25.43;2.04;15.27;14.13;13.645;68.24;73.1;24.98;5.246;5.386;70.0;193.2;111.36;67.9;73.12;27.78;65.74;94.44;146.58;206.2;50.12;94.77;202.8;14.635;26.84;52.11;111.1
151.9;225.1;82.36;5.227;4.128;162.86;34.72;7.768;49.955;99.54545454545453;21.635;41.925;67.48;24.23;107.65;299.75;480.0;69.32;120.0;22.865;48.8;7.418;11.084;153.1;25.53;2.042;15.288;14.06;13.665;65.77;72.57;25.335;5.278;5.444;69.38;194.06;113.7;67.0;73.13;27.59;65.25;95.84;146.72;206.4;48.74;95.41;204.1;14.68;26.75;52.2;112.1
150.7;224.1;82.16;5.255;4.1895;164.96;34.945;7.705;49.51;99.45454545454545;21.8;42.86;67.37;24.27;108.7;302.9;483.6;69.26;119.8;22.915;48.4;7.336;11.248;153.75;25.49;2.0845;15.212;14.07;13.53;66.18;72.74;26.05;5.266;5.408;69.18;194.14;113.34;66.93;73.7;27.63;64.79;96.57;151.18;208.1;49.17;94.98;210.3;14.58;26.57;53.44;112.0
151.2;224.1;82.96;5.249;4.1835;163.64;35.0;7.6;49.7;100.5454545454545;21.825;43.155;67.64;24.42;108.4;304.25;486.5;69.58;120.3;22.92;48.6;7.334;11.35;153.35;26.23;2.0765;15.21;14.13;13.405;66.18;72.74;25.765;5.312;5.402;69.0;195.24;113.12;66.5;74.0;27.72;67.56;98.13;151.02;208.3;48.59;94.52;213.9;14.495;27.05;53.15;112.05
150.0;220.3;82.74;5.377;4.2;161.68;34.66;7.538;50.02;99.54545454545453;22.105;44.2;66.42;24.39;106.75;302.4;481.4;68.62;120.0;22.6;47.8;7.342;11.554;152.7;26.02;2.1315;15.222;13.9;13.305;65.86;72.73;26.56;5.3;5.336;68.32;194.48;113.46;69.28;74.24;27.55;67.28;96.68;151.66;205.9;48.14;93.81;213.1;14.48;27.12;52.88;109.85
151.4;221.9;83.92;5.474;4.296;161.12;35.0;7.589;49.99;99.68181818181817;22.295;45.055;66.33;25.7;106.45;302.0;480.1;66.2;119.9;22.675;47.4;7.352;11.632;152.8;26.54;2.169;15.166;13.25;13.44;68.55;73.5;27.0;5.32;5.316;68.42;195.6;113.6;70.28;74.31;27.84;66.99;96.13;150.9;207.1;49.43;94.2;213.6;14.485;27.32;52.66;111.1
153.15;223.4;83.16;5.379;4.2545;161.46;35.375;7.479;49.875;100.4090909090909;22.525;44.895;65.88;25.62;106.7;306.6;495.5;66.4;120.0;22.81;47.1;7.292;11.672;150.75;26.75;2.158;15.038;13.34;13.33;72.8;74.0;27.04;5.314;5.33;69.06;197.34;113.9;71.43;74.75;28.26;68.06;96.94;154.18;208.5;48.83;94.89;215.9;14.525;27.3;53.28;113.0
154.0;223.2;83.52;5.336;4.2415;163.88;35.885;7.424;50.37;99.9090909090909;22.455;44.94;66.72;25.45;108.1;308.0;494.5;65.86;120.45;22.26;47.3;7.312;11.63;147.9;26.86;2.1655;15.11;13.2;13.315;71.65;75.03;27.215;5.304;5.334;69.98;197.7;114.02;72.35;74.67;28.04;68.31;97.42;154.24;208.5;48.67;94.68;215.8;14.585;27.42;53.48;111.75
153.85;226.2;83.78;5.307;4.244;163.92;36.145;7.49;50.85;100.7727272727273;22.285;44.515;66.93;25.61;109.05;309.0;493.4;65.44;120.9;22.62;47.8;7.35;11.244;149.25;26.79;2.1615;15.184;13.175;13.36;72.68;76.43;27.025;5.328;5.378;69.56;198.14;113.24;72.81;75.06;28.17;68.13;97.22;154.22;208.9;48.44;95.37;216.7;14.69;27.4;52.91;112.0
154.0;224.0;83.68;5.372;4.3145;160.94;36.0;7.527;51.02;101.6363636363636;22.355;44.69;67.36;25.7;108.75;306.9;489.0;64.94;120.7;22.685;47.5;7.376;10.994;149.4;26.91;2.182;15.28;13.115;13.26;72.47;76.58;27.11;5.398;5.35;69.66;198.46;113.72;72.47;74.53;27.86;68.08;97.22;152.18;209.8;48.19;95.2;217.6;14.685;27.1;52.2;112.4
156.05;228.1;84.02;5.219;4.163;159.4;35.52;7.556;51.02;100.6363636363636;22.225;43.18;68.02;25.55;108.65;306.05;487.0;66.02;120.15;22.435;47.5;7.636;10.708;149.5;26.86;2.1335;15.28;13.28;13.425;71.75;76.64;25.94;5.502;5.34;69.26;197.26;112.74;71.14;73.09;27.41;67.06;96.45;149.94;208.5;47.89;95.32;215.6;14.87;27.45;50.44;112.7
155.55;229.1;84.36;5.136;4.0785;158.3;34.895;7.576;50.33;100.7727272727273;21.985;42.345;67.91;25.57;101.8;305.8;486.8;66.08;119.55;22.245;48.8;7.548;10.444;149.9;26.41;2.119;14.968;13.24;13.565;71.48;76.78;25.3;5.484;5.338;67.6;195.88;111.52;69.49;72.16;27.45;66.4;95.14;147.06;208.7;47.19;95.6;210.6;14.865;27.65;50.08;113.7
155.2;227.3;84.82;5.201;4.1375;161.18;35.38;7.636;50.76;101.3181818181818;22.17;43.33;67.93;25.61;103.65;306.4;487.5;66.1;117.55;22.29;48.1;7.588;10.722;151.85;26.36;2.1375;15.122;13.28;13.595;71.74;76.96;26.355;5.46;5.42;68.76;196.8;112.96;68.4;73.18;27.8;66.86;95.78;146.66;209.0;48.17;95.84;212.6;14.965;28.07;50.75;113.1
154.95;228.3;84.04;5.181;4.142;162.0;35.235;7.57;50.66;101.2272727272727;22.15;43.045;67.61;25.61;103.85;308.6;487.6;65.36;117.0;22.37;48.1;7.634;10.672;152.95;26.27;2.136;15.164;13.335;13.525;71.82;77.4;26.3;5.498;5.43;69.1;196.66;114.58;67.04;73.1;27.59;66.8;96.11;143.98;209.1;48.3;95.6;209.8;15.005;28.45;50.56;113.35
155.35;228.9;84.0;5.275;4.265;161.92;35.545;7.594;51.21;101.5;22.31;43.555;67.95;25.82;102.45;310.5;490.5;65.52;117.25;22.565;48.8;7.588;10.818;154.75;25.1;2.1545;15.544;13.335;13.59;71.13;77.8;26.73;5.486;5.4;69.4;198.44;116.88;68.04;73.63;27.7;67.08;96.16;145.54;209.3;49.11;96.4;204.8;15.11;28.81;50.88;114.65
157.5;232.6;85.82;5.282;4.2955;162.16;35.745;7.609;51.45;102.2272727272727;22.465;43.84;68.71;25.93;105.85;315.6;494.6;65.5;117.4;22.56;49.8;7.596;10.93;153.85;25.07;2.17;15.538;13.3;13.785;70.68;78.35;27.0;5.488;5.468;69.82;199.4;117.0;67.79;73.78;27.47;66.19;96.84;144.16;211.5;48.63;97.0;211.6;15.19;29.27;50.97;114.2
158.8;236.1;86.28;5.373;4.3815;169.7;36.415;7.811;51.7;103.4090909090909;22.795;44.285;69.05;25.9;106.4;318.6;496.3;67.5;118.8;22.97;50.6;7.672;11.084;154.4;25.96;2.199;15.588;13.515;14.155;71.71;79.55;27.295;5.47;5.616;70.72;200.9;117.68;67.75;74.09;28.04;67.51;97.98;144.32;216.6;48.97;99.35;212.4;15.46;29.47;51.67;115.6
157.9;235.2;86.76;5.421;4.4285;167.4;36.02;7.825;52.27;102.2727272727273;22.8;45.1;69.13;25.94;105.2;317.15;496.0;67.48;119.85;23.49;50.4;7.722;10.97;153.3;26.2;2.233;15.744;13.5;14.27;72.36;79.22;27.97;5.498;5.558;70.34;200.2;118.0;68.03;74.17;27.86;66.95;97.98;145.5;216.6;48.12;98.85;207.4;15.65;29.57;51.1;115.0
157.05;234.7;85.88;5.485;4.4855;167.98;36.12;7.833;51.54;101.6818181818182;22.845;45.11;68.78;26.11;105.5;320.3;509.4;67.84;121.25;23.51;50.2;7.736;10.966;154.15;26.59;2.236;15.89;13.44;14.36;74.3;79.55;27.975;5.52;5.582;71.14;200.2;119.0;69.7;75.72;27.71;67.8;99.5;147.9;217.0;48.82;100.14;211.0;15.69;29.87;52.86;115.7
157.9;235.2;85.84;5.419;4.423;166.18;35.67;7.723;50.36;102.4090909090909;22.675;44.19;68.96;25.89;105.0;318.2;502.8;68.52;120.9;23.545;50.2;7.768;10.75;154.2;26.1;2.23;15.776;13.475;14.355;73.18;79.4;27.24;5.544;5.47;70.26;198.92;117.86;63.0;71.98;27.82;67.5;97.35;143.92;211.0;49.51;100.1;209.8;15.665;29.43;51.72;114.5
160.1;237.3;86.08;5.372;4.3115;169.58;35.75;7.737;50.48;102.6818181818182;22.605;43.04;69.41;25.86;98.12;317.8;500.0;68.0;120.95;23.685;50.6;7.78;10.742;153.95;26.29;2.215;15.83;13.45;14.545;73.49;79.74;26.575;5.58;5.52;70.18;197.3;118.56;61.28;71.15;27.63;67.08;98.41;142.94;211.2;48.28;100.1;208.5;15.8;28.85;51.5;111.1
157.5;234.7;84.84;5.188;4.146;167.3;35.31;7.6;49.43;100.5909090909091;22.33;41.625;67.7;25.51;97.96;313.45;492.2;67.28;118.1;23.625;51.2;7.728;10.464;150.35;26.27;2.1565;15.7;13.245;14.41;71.81;78.31;25.525;5.634;5.236;67.74;196.34;114.6;59.3;69.6;27.19;65.51;95.28;139.14;207.5;46.24;98.68;209.9;15.645;28.56;50.5;111.9
158.6;234.8;84.88;5.2;4.1465;165.1;35.355;7.544;49.25;101.9090909090909;22.295;41.525;67.13;25.46;97.0;317.7;497.4;67.28;117.85;23.43;51.2;7.77;10.492;151.4;25.92;2.149;15.624;13.3;14.325;71.21;77.96;25.4;5.62;5.156;68.3;196.2;114.04;57.59;68.92;27.17;65.32;94.9;139.82;207.7;47.09;98.64;212.7;15.55;28.53;50.75;111.2
159.9;238.3;86.04;5.143;4.088;166.0;35.92;7.574;49.585;102.6818181818182;22.37;41.425;67.78;25.8;98.82;322.8;504.2;68.2;118.1;23.44;51.2;7.766;10.482;150.6;26.43;2.1435;15.616;13.23;14.4;72.55;78.33;25.475;5.702;5.134;68.72;197.58;116.34;57.07;67.91;26.83;65.27;94.78;138.62;208.0;48.76;100.86;214.2;15.635;28.64;50.39;113.1
159.35;238.4;86.24;5.116;4.152;163.28;35.92;7.59;49.36;102.4090909090909;22.48;42.325;67.54;25.77;98.6;322.9;502.0;68.66;116.9;23.98;51.6;7.884;10.748;150.65;25.9;2.16;15.59;13.295;14.4;73.21;77.69;25.97;5.714;5.136;68.98;198.0;115.48;56.33;68.23;26.7;65.12;95.57;139.04;208.3;48.54;100.24;213.9;15.635;28.85;51.35;113.75
160.0;238.6;85.56;5.047;4.103;163.36;36.1;7.392;49.295;102.6363636363636;22.255;41.985;68.12;25.78;96.0;324.1;503.4;69.68;118.65;23.6;51.6;7.854;10.65;153.4;25.94;2.164;15.48;13.24;14.36;73.15;78.71;25.47;5.686;5.046;68.68;197.44;116.26;56.29;67.89;26.75;65.54;95.0;138.48;209.2;49.08;101.44;214.8;15.53;28.73;51.09;113.95
160.0;239.8;86.72;5.093;4.1445;167.2;36.315;7.469;49.52;103.0454545454545;22.43;42.61;68.69;25.83;97.38;327.9;511.2;71.4;122.25;23.725;51.6;7.826;10.784;156.0;26.2;2.171;15.754;13.28;14.5;74.76;78.74;25.775;5.704;5.074;69.94;198.28;117.9;57.6;68.75;27.65;65.53;95.94;140.32;211.0;49.76;103.0;216.6;14.795;29.0;52.25;114.3
158.5;240.4;87.5;5.306;4.272;170.5;36.525;7.511;50.0;103.6363636363636;22.705;43.48;68.34;25.75;97.2;333.25;522.1;71.7;123.2;23.585;51.2;7.77;11.038;158.4;26.09;2.2055;15.83;13.315;14.585;74.53;78.85;26.525;5.658;5.124;70.74;199.94;117.76;58.26;69.7;28.26;66.66;97.95;144.46;211.8;51.45;103.0;219.2;14.834;29.44;54.4;114.2
160.8;238.6;88.0;5.328;4.278;172.5;35.345;7.485;49.98;103.7272727272727;22.965;43.905;68.5;25.79;96.84;334.5;526.4;71.18;122.35;23.23;51.8;7.798;11.162;158.5;26.3;2.198;15.79;13.35;14.605;74.93;79.24;26.615;5.661;5.147;71.68;201.55;117.22;59.15;71.25;28.23;67.18;99.17;146.1;214.0;51.21;103.1;221.65;14.824;29.01;54.95;115.5
160.4;240.2;89.36;5.413;4.364;176.22;35.895;7.553;50.0;105.0454545454545;23.34;44.515;68.92;26.3;97.26;334.0;524.2;71.6;125.05;23.18;51.8;7.91;11.324;163.45;26.64;2.2175;15.904;13.47;14.83;74.72;78.71;26.845;5.708;5.25;73.06;205.6;118.54;60.41;72.58;29.21;69.37;100.7;148.52;214.8;52.42;103.84;223.55;14.946;29.845;55.49;117.0
160.0;241.3;88.86;5.498;4.407;176.84;35.445;7.62;49.87;105.1818181818182;23.37;44.875;68.4;26.18;97.24;333.55;522.5;71.48;124.0;23.295;52.0;7.96;11.42;163.85;26.9;2.234;15.756;13.47;14.85;75.5;78.57;26.98;5.695;5.251;73.02;206.6;117.82;60.68;73.34;28.93;69.12;100.98;149.96;215.7;52.39;103.64;226.4;15.052;29.905;56.22;116.6
160.2;240.0;89.3;5.495;4.402;179.32;35.38;7.508;50.29;105.9545454545454;23.25;44.505;67.9;26.42;96.1;336.05;530.1;71.52;125.45;23.105;51.6;7.942;11.306;165.2;26.7;2.234;15.848;13.44;14.86;76.9;78.49;26.65;5.694;5.257;72.84;206.6;118.68;61.47;73.79;29.48;69.46;102.14;148.76;216.0;51.97;102.5;227.55;14.984;29.91;56.01;116.35
160.4;240.3;88.82;5.333;4.391;179.74;35.36;7.42;50.6;106.0909090909091;23.245;44.45;68.54;26.05;96.4;332.0;526.6;71.8;123.0;23.035;51.4;7.904;11.29;164.0;26.6;2.233;15.814;13.545;14.815;76.53;78.49;26.52;5.676;5.241;72.68;205.4;120.74;61.29;73.57;28.73;69.22;102.02;149.32;214.5;51.64;101.88;224.75;14.974;30.18;55.97;116.1
159.85;240.0;88.0;5.346;4.3785;179.2;35.07;7.388;50.23;105.3636363636364;23.16;44.58;68.54;26.13;97.06;327.3;517.8;71.4;121.35;23.015;51.8;7.914;11.312;162.25;26.5;2.2365;15.888;13.58;14.86;76.6;78.25;26.595;5.66;5.184;72.6;205.65;118.5;60.92;73.2;28.74;68.71;100.7;148.0;214.4;51.67;98.38;224.15;14.968;29.86;55.23;114.8
160.0;242.5;89.44;5.294;4.371;177.8;35.285;7.394;50.37;105.9545454545454;23.175;44.2;69.0;26.32;96.86;329.75;523.6;70.7;120.9;23.31;51.4;7.948;11.248;162.6;26.54;2.2215;15.94;13.605;14.68;77.51;77.96;26.26;5.676;5.168;73.22;206.5;116.5;61.47;73.19;28.6;68.83;101.58;147.6;214.5;51.6;99.7;226.3;14.926;29.915;55.06;115.25
160.15;240.2;89.5;5.37;4.477;176.3;35.015;7.436;50.08;105.1363636363636;23.28;44.805;69.14;26.32;98.74;344.95;535.3;69.9;120.45;22.94;51.4;7.848;11.452;160.35;26.59;2.2345;15.924;13.375;14.61;78.08;77.14;26.93;5.643;5.182;73.3;207.95;117.5;60.79;73.51;29.07;69.61;102.44;151.14;215.6;51.81;99.67;225.4;14.86;30.205;55.45;114.7
158.8;240.3;89.66;5.512;4.559;178.72;35.22;7.432;49.99;105.1363636363636;23.34;46.315;69.4;26.28;101.0;342.9;530.4;69.74;122.0;21.93;50.8;7.754;11.866;159.75;26.3;2.2835;15.816;13.2;14.56;78.41;75.4;28.0;5.61;5.206;73.64;208.3;118.6;61.42;75.29;29.13;71.79;103.86;153.34;214.2;51.45;99.39;225.4;14.828;30.12;56.67;114.55
158.95;238.5;89.3;5.481;4.56;177.06;35.695;7.467;50.07;105.4090909090909;23.45;46.85;69.98;26.37;101.6;342.95;531.6;69.7;121.25;22.37;50.8;7.79;11.942;158.75;26.54;2.301;15.67;13.315;14.64;78.63;75.0;27.985;5.581;5.0;73.88;209.8;117.24;61.71;75.65;29.28;72.15;103.74;154.98;215.1;50.85;99.76;226.3;14.952;30.41;56.49;112.9
156.1;240.3;89.8;5.526;4.5715;180.2;35.72;7.404;49.555;106.0;23.545;47.66;69.68;25.83;103.75;346.3;532.9;69.4;121.65;22.195;51.2;7.718;12.052;158.85;27.03;2.3225;15.426;13.295;14.58;78.99;75.1;28.54;5.477;5.012;74.08;212.0;117.92;62.21;76.4;29.61;72.93;104.54;156.62;219.4;50.96;99.47;229.7;14.95;30.45;56.95;117.5
156.35;242.7;89.68;5.599;4.6185;179.98;35.485;7.5;50.09;106.5;23.7;48.44;69.6;25.68;107.1;350.85;537.5;68.46;122.9;22.065;50.8;7.762;11.994;159.35;27.3;2.342;15.43;13.3;14.57;78.36;73.06;29.0;5.521;5.082;74.96;213.9;119.04;61.54;77.25;29.73;73.93;105.84;161.36;219.9;49.225;99.37;229.45;14.78;30.7;58.08;116.9
154.7;243.2;89.36;5.594;4.609;183.22;35.33;7.508;50.3;107.5454545454545;23.735;48.985;70.4;25.89;108.15;352.3;510.4;68.86;123.75;22.035;52.2;7.778;12.04;160.8;28.0;2.3325;15.432;13.335;14.625;79.84;72.87;29.015;5.525;5.137;77.0;214.85;120.24;61.16;77.75;30.53;74.16;106.5;163.14;221.5;48.905;100.48;232.15;14.888;31.095;59.31;118.05
155.5;243.1;88.3;5.476;4.5475;182.94;36.075;7.432;51.22;107.2272727272727;23.72;48.11;71.08;25.74;109.3;349.1;531.6;70.38;125.2;21.34;52.6;7.838;11.954;160.1;27.84;2.321;15.798;13.265;14.485;79.82;74.17;28.275;5.519;5.117;76.12;214.3;122.8;62.0;77.5;29.99;74.49;105.68;160.0;222.6;50.33;101.84;230.9;15.0;31.15;59.11;118.35
156.75;245.0;89.9;5.409;4.4755;185.4;35.89;7.343;50.04;107.0909090909091;23.645;47.15;71.1;25.66;107.1;350.95;533.1;70.2;125.8;21.115;52.6;7.812;11.734;159.35;27.7;2.275;15.55;13.025;14.245;79.26;74.34;27.52;5.504;5.16;76.42;211.95;122.2;60.2;76.47;30.15;73.17;105.62;157.5;221.1;50.22;114.62;230.7;14.824;31.06;58.44;118.7
156.35;243.7;88.7;5.364;4.4835;185.36;35.92;7.384;49.905;108.1818181818182;23.7;46.765;71.46;25.58;107.55;347.85;529.3;71.0;125.15;21.25;53.0;8.148;11.33;158.05;26.99;2.277;15.506;13.0;14.315;77.66;73.62;27.54;5.538;4.6955;76.46;213.3;121.9;61.04;75.78;29.57;72.76;105.64;155.46;222.6;49.525;115.04;228.75;14.92;31.025;57.7;117.8
155.75;241.9;89.32;5.377;4.488;184.74;36.18;7.463;49.345;107.9545454545454;23.65;46.9;71.56;25.85;107.85;346.45;529.4;70.44;129.35;21.28;53.2;8.044;11.316;159.15;26.95;2.285;15.342;13.12;14.365;78.28;76.2;27.7;5.585;4.7735;76.34;213.85;121.86;61.54;76.2;29.35;72.82;105.3;155.76;223.5;50.82;114.34;229.2;14.96;31.025;58.3;117.35
156.45;242.9;89.2;5.415;4.5195;185.08;37.01;7.51;48.595;107.2727272727273;23.68;47.665;71.62;25.99;108.65;345.35;525.0;70.28;129.1;21.245;53.4;7.934;11.382;158.5;26.5;2.332;15.098;13.025;14.385;78.79;77.49;28.43;5.553;4.7595;76.76;213.9;123.02;59.38;75.89;29.75;72.48;105.86;156.2;221.8;51.56;115.0;228.6;14.95;30.92;58.14;116.95
155.35;245.1;90.02;5.418;4.5115;185.54;37.965;7.432;49.545;107.7727272727273;23.745;47.45;72.08;25.87;108.5;349.05;527.0;70.92;129.9;21.46;54.0;8.098;11.356;160.4;26.97;2.337;15.218;13.205;13.965;79.26;77.49;28.22;5.639;4.679;75.46;214.8;121.88;59.34;75.9;29.93;72.49;106.74;155.04;223.0;50.58;114.58;229.1;14.914;30.9;58.34;118.9
154.35;238.7;89.18;5.349;4.4345;184.06;37.64;7.321;49.38;107.7272727272727;22.63;48.0;71.82;25.79;106.9;351.0;520.2;67.94;126.9;21.255;53.4;7.946;11.3;159.6;26.18;2.327;15.034;13.21;14.105;78.75;77.03;28.38;5.577;4.594;73.96;214.8;119.98;61.57;75.8;30.34;72.33;105.34;160.74;212.8;50.75;113.1;228.9;14.99;31.035;58.61;118.75
155.2;241.3;88.38;5.336;4.4085;185.4;37.76;7.293;49.17;107.7727272727273;23.07;48.255;72.46;25.56;106.5;355.05;526.0;67.62;126.95;21.345;53.6;7.976;11.242;160.45;26.29;2.322;15.088;13.255;13.93;78.83;77.62;28.7;5.595;4.582;74.5;215.05;119.56;61.87;75.67;30.53;72.87;105.76;160.28;212.6;51.43;113.66;249.8;14.918;30.86;58.54;118.85
155.0;240.4;87.54;5.279;4.3455;182.2;37.195;7.288;47.99;107.0909090909091;22.815;47.885;72.44;25.42;107.3;344.4;513.0;66.5;127.05;21.345;53.6;8.006;11.038;159.9;26.05;2.2895;14.872;13.165;13.88;78.55;76.71;28.18;5.561;4.555;73.54;212.45;119.7;61.13;74.0;30.38;69.0;104.6;157.62;211.7;50.23;112.5;252.8;14.894;30.32;57.34;120.4
154.9;236.1;86.62;5.144;4.2495;179.48;36.99;7.221;46.705;105.1818181818182;22.505;46.875;69.86;25.12;105.8;335.05;507.2;65.34;124.55;21.22;53.4;8.022;10.81;155.25;25.48;2.242;14.49;13.155;13.91;75.75;76.23;27.085;5.602;4.4655;72.54;210.1;117.54;59.61;72.28;29.44;66.45;102.48;154.42;210.5;49.375;110.06;250.0;14.862;29.49;56.62;121.05
157.05;238.3;86.64;5.2;4.25;181.36;37.2;7.18;46.98;104.9090909090909;22.345;46.82;70.02;25.41;106.95;339.6;515.7;67.62;124.25;20.95;53.6;7.914;10.75;156.8;25.43;2.216;14.48;13.135;13.95;75.92;76.33;26.9;5.576;4.453;72.82;209.0;118.8;59.65;71.38;29.26;66.73;107.16;154.58;208.4;50.3;111.1;256.55;14.93;29.185;57.3;120.65
154.4;235.8;85.22;5.094;4.1475;174.06;36.78;7.119;46.605;102.8181818181818;22.11;45.42;69.46;24.88;106.0;331.85;501.6;65.94;122.4;20.93;53.0;7.88;10.43;152.7;25.15;2.1645;14.324;12.995;13.885;74.19;73.38;26.285;5.519;4.364;71.28;198.82;116.8;57.07;69.3;28.62;65.52;105.28;151.5;207.5;50.52;110.08;249.85;14.846;28.83;55.65;117.3
153.6;235.0;85.84;5.078;4.1215;175.32;37.175;7.107;46.87;103.2272727272727;22.1;45.49;69.82;24.76;110.2;333.55;507.1;66.34;123.05;20.58;52.8;7.992;10.442;159.0;25.19;2.1595;14.266;13.12;13.73;74.11;72.72;26.09;5.551;4.342;71.3;198.84;117.5;57.54;68.87;28.53;65.23;107.02;150.32;210.1;50.44;110.24;252.0;14.914;28.77;53.89;118.25
152.95;235.7;85.08;4.9825;4.0645;171.0;35.75;7.024;46.865;103.0;21.955;44.78;69.68;24.62;110.35;323.75;491.0;65.58;120.2;20.555;53.4;8.062;10.236;158.85;24.95;2.118;14.422;13.195;13.52;73.26;72.96;25.51;5.507;4.271;70.02;196.84;115.52;56.47;68.06;28.05;63.15;104.78;147.54;208.4;48.95;109.9;245.8;14.64;28.33;52.12;118.0
154.4;237.3;87.0;5.083;4.104;176.3;36.085;7.111;47.4;104.7272727272727;22.15;45.48;69.94;24.78;109.0;334.3;508.5;68.08;121.4;20.515;53.0;8.114;10.314;162.05;25.12;2.15;14.604;13.44;13.66;74.17;73.4;25.795;5.575;4.2685;71.92;200.4;119.0;55.33;67.88;28.41;63.14;106.04;149.02;211.8;48.745;111.92;250.45;14.868;28.73;52.75;120.8
155.5;239.7;88.38;5.091;4.107;179.24;36.02;7.15;47.73;104.5454545454545;22.245;45.255;70.06;24.84;108.55;337.15;516.6;68.74;124.3;20.77;53.6;8.192;10.086;162.1;25.3;2.1315;14.518;13.61;13.65;74.67;73.82;25.63;5.574;4.2325;72.16;201.65;120.88;56.45;70.0;28.61;63.57;106.68;149.12;215.5;48.94;112.96;253.1;14.866;28.92;54.3;121.4
158.9;244.5;89.2;5.192;4.1915;181.62;36.94;7.217;48.605;107.4545454545455;22.61;45.95;71.16;24.98;109.95;341.2;521.9;70.24;126.15;20.85;54.0;8.214;10.252;168.5;25.72;2.1835;14.75;13.82;13.78;75.41;75.04;25.995;5.59;4.4075;73.26;206.65;122.5;57.29;69.8;29.02;64.6;108.66;148.1;219.3;49.01;116.08;251.45;15.206;28.405;54.0;121.65
160.55;243.6;89.48;5.152;4.159;182.82;36.435;7.176;49.17;107.3636363636363;22.605;45.375;71.2;24.9;109.95;340.85;522.0;70.82;125.75;20.99;54.4;8.18;10.114;169.55;25.39;2.1705;14.84;13.58;13.825;74.3;75.23;25.715;5.629;4.444;72.68;204.35;121.0;56.95;66.16;28.72;63.56;107.42;147.14;219.0;48.81;114.6;255.5;15.21;28.07;53.36;122.35
158.8;241.2;88.92;5.074;4.093;171.32;36.18;7.177;49.225;102.8636363636364;22.415;44.625;70.54;24.56;108.45;330.05;503.2;69.78;124.8;21.09;53.8;8.174;9.957;166.3;24.95;1.978;14.416;13.555;13.96;72.97;74.34;25.085;5.69;4.492;72.22;201.7;119.08;55.8;64.81;28.57;61.93;105.5;144.82;216.4;46.965;111.9;251.0;15.286;27.74;52.02;122.0
160.8;241.3;89.4;5.117;4.0975;173.74;36.04;7.202;49.765;103.0454545454545;22.58;44.995;71.2;24.65;107.15;335.15;510.1;69.72;123.15;20.72;53.8;8.16;10.056;167.05;25.17;1.977;14.54;12.835;13.885;72.87;73.95;25.24;5.771;4.5735;73.18;204.45;118.26;56.07;64.63;28.7;62.22;107.22;144.7;217.9;47.15;113.76;257.75;15.118;27.87;52.12;121.9
161.9;243.1;89.42;5.026;4.0515;172.86;36.295;7.228;49.005;104.2727272727273;22.435;44.51;71.02;24.55;106.8;336.3;508.5;71.22;123.5;20.46;54.6;8.3;9.898;169.75;25.29;1.9416;14.418;12.82;13.87;73.43;74.9;25.025;5.762;4.5895;73.12;202.9;118.22;55.85;64.23;28.89;62.04;106.54;144.3;218.2;47.725;115.68;263.05;15.09;27.64;50.83;124.25
161.75;242.1;88.42;4.9735;4.006;170.36;35.785;7.184;47.39;102.2727272727273;22.155;43.65;70.8;23.57;105.9;334.0;491.2;70.06;119.35;20.23;54.2;8.264;9.699;166.5;24.79;1.903;13.92;12.55;13.78;73.7;74.9;24.6;5.68;4.4055;71.9;199.8;114.88;54.21;63.39;28.35;60.56;103.7;142.0;215.5;47.27;113.18;259.8;15.046;27.025;47.33;123.35
162.8;243.2;90.04;5.024;4.02;170.4;36.12;7.204;47.555;103.3636363636364;22.305;43.905;71.8;23.6;106.1;336.5;482.7;69.96;121.9;20.43;54.8;8.45;9.756;167.5;24.93;1.9188;14.054;12.62;13.95;73.53;75.16;24.655;5.789;4.473;73.9;202.0;116.54;53.9;63.47;28.27;60.73;105.22;142.86;219.2;47.51;113.62;259.25;15.07;27.01;47.43;125.5
163.05;244.5;90.44;5.036;4.036;172.86;36.045;7.243;47.85;104.0454545454545;22.38;44.2;71.96;23.4;106.2;338.65;485.95;69.9;121.8;20.51;54.4;8.496;9.774;169.2;25.06;1.9082;14.07;12.75;14.02;74.29;75.57;23.045;5.771;4.5505;73.84;202.8;116.84;54.67;63.76;28.37;60.99;105.3;144.06;219.7;47.69;113.72;261.85;15.216;27.05;47.7;125.0
162.5;243.5;89.6;5.047;4.0165;172.16;36.065;7.252;47.52;102.7272727272727;22.195;44.285;72.26;23.63;104.0;342.6;479.25;68.98;119.25;20.565;54.6;8.476;9.82;165.45;25.14;1.887;14.026;12.7;14.03;73.96;74.24;22.595;5.771;4.521;73.68;201.65;116.32;55.43;63.84;28.25;59.89;105.3;144.84;219.4;47.75;113.16;264.05;15.26;26.615;47.68;124.1
160.75;240.3;88.08;4.9965;4.0;168.8;35.52;7.19;46.835;101.7727272727273;22.06;41.325;71.4;23.65;103.2;338.2;461.1;67.46;117.15;20.29;54.4;8.44;9.718;163.7;24.87;1.8658;13.734;12.52;13.935;72.58;73.26;22.55;5.639;4.421;71.24;199.08;114.38;53.91;63.15;27.91;59.57;102.84;143.28;215.7;46.34;111.2;258.6;15.164;26.53;47.23;123.6
161.8;241.9;88.82;5.075;4.05;170.98;35.94;7.216;46.84;102.6818181818182;22.17;41.35;71.84;24.1;103.65;341.65;474.55;68.94;118.1;20.23;54.6;8.418;9.76;165.0;24.96;1.8652;13.692;12.5;14.045;74.0;73.19;22.565;5.557;;71.62;201.35;115.24;54.3;63.05;28.43;59.82;103.12;143.22;219.3;46.105;112.0;258.25;15.204;26.725;47.3;125.35
157.8;240.4;88.46;4.8675;3.952;169.3;35.45;7.178;46.64;101.3636363636364;22.08;40.875;71.4;24.13;103.15;338.6;465.95;68.36;117.7;20.135;53.8;8.314;9.695;162.3;24.05;1.8338;13.58;12.45;14.04;72.61;72.24;22.46;5.57;4.48;70.8;198.86;114.86;52.82;62.02;27.99;59.06;101.44;139.5;216.1;45.41;110.42;256.2;15.11;26.38;46.435;123.75
159.0;241.5;88.94;4.862;3.94;169.4;35.69;7.195;46.71;102.5909090909091;21.8;40.815;72.96;24.41;105.0;340.5;466.55;68.16;119.05;20.065;54.4;8.426;9.602;164.3;24.43;1.826;13.82;12.515;14.15;73.02;73.75;22.395;5.614;4.4565;71.86;199.16;117.16;53.88;61.64;27.98;59.15;102.42;140.06;217.1;45.91;111.22;259.2;15.224;26.475;46.655;123.35
156.3;239.8;89.24;5.01;4.0415;168.52;35.22;7.317;47.22;103.9090909090909;22.29;41.995;71.82;24.25;103.55;342.1;468.45;68.0;120.35;19.956;53.4;8.456;9.982;167.2;24.83;1.8662;14.018;12.655;13.81;74.3;73.68;22.72;5.709;4.4595;72.06;203.4;118.48;54.5;63.43;28.78;61.32;104.28;144.66;219.1;46.835;111.14;258.0;15.234;26.99;48.58;124.8
159.0;242.2;89.32;4.98;4.0115;169.04;35.325;7.394;46.875;103.8181818181818;22.2;41.73;71.7;24.52;105.9;349.5;471.4;68.58;120.75;20.025;53.6;8.604;9.89;170.1;24.89;1.85;13.868;12.945;13.9;74.35;73.71;22.42;5.726;4.429;72.3;202.3;118.7;53.98;63.02;28.68;61.06;104.48;142.78;218.4;46.69;111.96;257.4;15.296;27.075;48.05;125.25
157.4;242.1;89.14;4.9445;3.9705;169.9;35.25;7.398;47.24;103.8181818181818;22.17;41.005;71.58;24.11;105.7;350.35;470.95;69.4;119.95;20.21;53.8;8.778;9.803;173.7;24.92;1.8264;13.9;12.99;13.625;74.25;75.02;22.305;5.806;4.4145;71.94;202.15;117.96;53.29;62.34;28.46;60.88;103.58;141.84;219.1;45.955;111.38;260.5;15.354;26.985;47.315;125.25
160.2;245.1;90.28;4.923;3.9645;173.8;35.43;7.47;47.795;106.2727272727273;22.4;40.815;72.26;24.44;107.0;357.05;479.6;71.4;122.35;20.42;54.0;8.87;9.855;175.1;25.08;1.8328;13.96;13.215;13.725;75.47;78.32;22.105;5.891;4.4425;73.16;204.3;120.92;52.87;62.32;28.57;61.28;104.24;141.88;221.1;45.9;113.72;265.25;15.388;27.32;47.605;126.35
159.4;245.2;90.54;5.068;4.0375;175.0;36.035;7.459;48.25;105.5454545454545;22.42;41.48;72.6;24.55;106.8;358.2;481.75;71.36;123.3;20.365;54.2;8.818;10.074;;25.43;1.8458;14.0;13.1;13.765;75.7;77.3;22.27;5.828;4.371;74.02;;121.06;;;28.67;;;;;;;;;;;
159.2;245.6;90.66;5.0;4.008;177.38;36.195;7.527;48.27;106.5454545454545;22.655;41.555;72.38;24.2;106.75;359.6;490.6;71.3;124.75;20.37;54.2;8.798;10.13;176.5;25.28;1.8472;14.046;13.07;13.85;75.97;76.1;22.3;5.848;4.5255;74.32;206.5;123.4;53.85;62.98;28.86;62.78;105.56;143.74;220.3;46.775;113.18;262.1;15.328;27.375;48.47;126.95
159.1;247.2;90.16;4.9385;3.9725;175.0;36.525;7.591;46.95;107.5454545454545;22.6;41.14;72.4;24.51;105.5;356.8;487.15;69.34;124.15;20.145;55.0;8.89;10.024;178.35;25.02;1.828;13.82;13.005;13.86;76.93;76.57;21.845;5.89;4.4845;74.44;206.25;122.28;53.31;62.64;27.93;61.95;105.02;142.36;221.8;45.315;113.32;256.8;15.47;27.37;48.09;126.95
158.95;247.4;89.58;4.9145;3.9805;175.0;36.9;7.489;46.98;107.4545454545455;22.685;41.1;72.66;24.47;104.65;355.25;485.0;69.68;123.25;20.415;54.6;8.9;9.927;179.65;25.11;1.842;13.904;12.81;13.89;76.35;75.98;21.48;5.991;4.45;75.08;207.6;122.66;53.63;62.78;28.58;61.64;105.18;142.8;222.1;46.135;114.44;259.3;15.46;27.44;48.175;125.75
157.85;248.0;89.58;4.8785;3.9545;171.04;36.665;7.444;47.25;107.9545454545454;22.61;40.86;72.52;24.48;106.4;354.0;486.45;68.1;122.9;20.575;54.6;8.958;9.821;180.6;25.0;1.8374;13.944;12.955;13.82;75.38;75.98;21.235;6.07;4.386;75.06;207.4;122.42;52.85;62.46;28.36;60.48;104.02;141.24;221.6;46.13;113.54;260.6;15.39;27.38;47.42;125.7
160.1;249.3;89.9;4.8665;3.96;170.4;37.06;7.384;47.15;107.5909090909091;22.925;40.755;72.84;24.63;106.75;358.3;494.25;67.28;124.9;20.565;54.4;8.9;9.873;181.1;24.88;1.831;13.87;12.825;13.785;74.93;75.47;21.13;6.08;4.4;75.04;208.15;125.0;52.53;62.1;28.21;59.98;103.42;140.72;222.7;46.465;114.62;262.8;15.354;27.36;47.315;124.75
162.95;252.9;91.6;4.902;4.0125;173.64;37.67;7.362;48.19;110.0909090909091;23.12;41.495;74.1;24.77;110.0;368.8;514.2;68.94;129.0;20.965;55.2;9.068;10.07;182.4;24.96;1.8734;14.156;13.43;14.11;77.39;77.47;21.57;6.237;4.4475;77.44;211.05;125.46;54.07;63.61;28.65;61.59;105.8;143.32;225.0;47.97;118.16;273.3;15.578;28.015;48.66;126.5
162.35;254.2;92.68;5.01;4.06;174.98;37.85;7.358;48.315;109.8181818181818;23.18;42.225;74.3;24.55;111.6;366.0;508.2;68.48;131.7;20.72;54.4;8.91;10.238;178.25;25.0;1.9072;14.222;13.5;14.0;77.86;77.88;22.05;6.17;4.4665;77.26;211.7;123.0;55.03;64.2;28.41;62.2;106.28;145.36;223.7;48.365;116.98;267.1;15.52;27.93;49.2;126.3
163.75;255.6;92.68;4.939;4.014;178.38;38.28;7.323;48.69;109.7727272727273;23.115;41.42;74.88;24.87;112.6;370.0;513.0;69.66;132.45;20.89;54.0;8.904;9.951;179.15;24.93;1.8908;14.358;13.445;13.975;78.96;78.33;21.725;6.19;4.55;78.3;211.85;123.46;55.49;64.56;28.85;62.54;106.46;146.9;223.6;48.75;118.72;269.25;15.454;28.335;49.37;125.4
162.8;255.3;91.04;4.9175;4.0005;178.7;38.045;7.264;49.115;111.2272727272727;23.255;41.05;74.8;24.73;111.2;368.3;516.2;69.58;131.85;20.975;53.8;8.95;9.859;179.25;25.47;1.875;14.606;13.5;13.925;79.79;77.68;22.05;6.232;;78.9;212.7;122.78;54.82;64.44;28.51;62.69;105.74;147.18;225.4;48.19;118.5;268.8;15.412;28.39;49.62;126.8
163.5;255.4;91.7;4.917;3.9835;177.68;37.755;7.258;49.0;110.8636363636364;23.3;40.76;75.2;24.94;110.4;371.25;518.0;68.34;131.45;20.325;54.2;8.944;9.793;178.65;25.49;1.8748;14.522;13.435;13.915;79.39;77.12;21.565;6.225;4.4245;78.28;212.9;123.26;55.34;63.64;28.08;62.05;106.06;147.0;224.7;47.36;118.82;265.45;15.356;28.33;47.76;126.15
163.0;254.1;92.06;4.878;3.9985;177.34;37.88;7.278;48.945;110.8181818181818;23.12;40.46;75.28;24.78;109.8;371.7;510.6;67.98;131.55;19.694;54.6;8.886;9.73;178.5;25.24;1.8684;14.44;13.365;13.88;78.23;77.05;21.425;6.201;4.3745;78.06;212.0;125.18;55.32;63.15;28.4;61.74;104.8;145.92;223.4;47.61;118.46;263.2;15.356;28.105;47.59;126.85
162.25;250.0;90.38;4.8945;4.0505;179.0;37.73;7.297;49.52;109.7272727272727;23.155;41.165;74.7;24.46;109.15;367.6;510.2;68.26;130.8;19.504;53.4;8.82;9.998;177.3;25.5;1.8778;14.508;13.25;13.875;77.34;75.92;21.765;6.075;4.395;78.64;212.6;125.54;55.99;64.57;28.53;62.12;103.74;147.5;223.4;47.16;118.5;270.9;15.27;28.24;48.115;124.8
161.4;248.0;89.74;4.903;4.036;179.7;38.0;7.214;49.125;110.6818181818182;23.0;41.445;74.7;23.81;113.6;368.35;515.6;68.7;128.35;19.658;53.6;8.776;10.186;174.95;26.31;1.8786;14.466;13.15;13.83;76.47;75.68;21.99;6.084;4.35;78.98;210.65;123.88;60.86;64.85;28.55;63.08;103.54;147.18;220.8;47.88;118.0;265.7;15.17;28.36;48.295;123.5
162.05;250.5;90.06;4.917;4.0805;183.74;38.185;7.221;49.275;111.8636363636363;23.1;41.765;74.5;24.21;114.75;374.3;520.1;69.66;128.85;19.778;53.4;8.766;10.196;176.65;26.45;1.882;14.606;13.34;13.865;77.84;75.91;22.22;6.14;4.366;79.76;212.0;124.68;60.94;65.09;28.69;63.92;104.6;148.22;220.7;47.68;120.76;271.5;15.212;28.9;48.925;124.4
162.85;249.3;90.46;4.9735;4.119;189.36;38.935;7.273;49.775;111.5;23.24;42.085;74.24;24.51;113.6;374.6;525.1;71.44;129.15;19.888;53.8;8.74;10.228;178.8;26.45;1.8676;14.64;13.44;13.855;78.3;76.83;22.23;6.126;4.405;80.74;214.2;124.3;61.31;65.1;29.19;63.96;106.0;150.0;222.7;48.625;122.26;274.35;15.238;29.2;48.81;127.9
161.4;254.0;90.48;4.93;4.108;189.7;39.175;7.308;49.59;111.7727272727273;23.51;41.865;74.9;24.74;114.15;377.5;526.6;71.14;130.05;19.99;54.35;8.886;10.164;178.85;26.53;1.885;14.498;13.67;13.845;79.92;77.09;22.14;6.26;4.445;80.34;216.0;123.96;60.53;65.33;29.4;62.73;105.0;151.0;226.0;48.08;123.5;273.8;15.226;29.23;48.645;128.7
165.0;256.9;92.38;5.027;4.18;189.7;39.52;7.32;49.115;112.4090909090909;23.68;42.57;75.64;24.94;114.7;380.0;526.7;71.28;131.45;20.3;55.1;9.002;10.298;179.7;26.87;1.9808;14.568;13.895;13.84;83.21;78.24;22.335;6.408;4.4865;80.68;216.8;125.64;61.01;66.61;29.66;62.58;105.38;153.62;228.1;48.155;124.38;278.65;15.366;29.455;49.02;129.4
163.55;255.3;92.02;5.087;4.2175;189.1;39.6;7.428;49.455;111.5909090909091;23.73;43.045;75.68;24.89;114.4;381.35;527.1;71.4;131.2;20.375;54.94;8.732;10.408;178.75;27.08;2.026;14.646;13.83;13.985;82.72;77.97;22.415;6.447;4.497;81.0;217.2;125.38;60.92;67.11;30.27;62.68;105.54;154.64;227.7;48.13;123.76;278.25;15.52;29.68;49.035;129.8
161.5;252.7;91.24;5.078;4.2205;185.72;39.485;7.394;49.415;111.3636363636364;23.79;43.405;74.94;24.91;114.2;380.8;522.2;70.72;130.75;20.265;54.78;8.63;10.498;180.05;27.2;2.032;14.55;13.765;13.96;82.5;77.8;22.81;6.4;4.4805;77.7;217.15;124.58;60.71;67.05;29.89;62.56;102.44;154.6;226.5;47.765;122.82;277.15;15.46;29.59;49.12;128.5
161.65;254.6;90.8;4.985;4.1845;185.82;39.46;7.386;49.7;111.5909090909091;23.795;42.97;75.24;24.95;114.65;383.0;523.7;71.44;129.65;20.225;54.82;8.592;10.292;180.6;27.19;2.0175;14.654;13.8;13.915;82.31;76.97;22.555;6.41;4.466;78.02;218.05;123.92;60.03;66.7;29.42;62.59;101.48;154.8;227.5;47.465;123.2;280.0;15.448;29.505;48.58;128.45
162.45;253.7;90.84;4.951;4.143;183.92;39.2;7.452;49.51;111.2727272727273;23.745;42.575;75.12;24.97;115.2;383.0;522.1;72.08;128.95;20.0;54.25;8.594;10.21;179.65;27.19;2.0065;14.55;13.925;13.855;81.89;77.49;22.25;6.409;4.432;76.94;218.15;124.1;59.8;66.17;29.28;60.51;101.3;153.96;227.2;45.84;123.0;281.7;15.46;29.24;47.77;128.35
158.25;253.8;90.34;4.944;4.17;184.48;39.455;7.396;49.76;111.8636363636363;23.705;42.695;75.1;24.95;116.0;381.0;516.8;70.86;128.7;20.055;54.01;8.614;10.276;179.65;26.82;2.031;14.706;13.83;13.73;80.77;76.55;22.475;6.426;4.45;77.02;216.5;125.84;59.51;65.65;29.21;60.12;100.78;152.4;224.6;46.115;121.9;278.65;15.41;29.32;47.02;128.0
157.25;251.4;89.72;4.93;4.2045;185.06;39.485;7.44;49.86;110.8181818181818;23.575;42.57;75.74;24.88;116.3;383.1;517.7;71.64;127.7;20.165;53.84;8.592;10.372;178.55;26.95;2.0555;14.8;13.82;13.51;79.8;75.1;22.485;6.51;4.475;76.54;216.5;125.98;59.14;65.24;29.47;59.5;99.69;151.94;224.0;47.57;121.92;278.25;15.312;29.445;46.65;128.35
157.3;251.5;91.32;4.8975;4.188;184.6;39.27;7.393;49.87;111.8181818181818;23.655;42.53;75.84;24.97;118.0;384.0;522.2;71.72;129.3;20.39;53.9;8.55;10.39;180.45;27.42;2.051;14.826;13.885;13.405;78.93;73.5;22.73;6.451;4.48;76.96;216.15;127.68;58.83;65.89;29.75;60.22;99.68;153.54;221.7;46.48;121.06;276.5;15.246;29.355;46.34;127.0
157.3;250.5;91.8;4.9255;4.165;183.86;39.55;7.38;50.09;111.9545454545455;23.685;42.84;75.86;24.89;117.95;380.05;519.9;72.44;128.75;20.33;54.0;8.564;10.372;181.5;27.59;2.0485;14.712;13.87;13.305;78.44;73.79;22.815;6.492;4.4945;77.02;217.55;129.2;58.63;66.66;29.51;61.03;99.75;154.2;223.5;46.8;121.42;278.6;15.06;29.425;46.52;127.4
157.05;251.3;94.3;4.971;4.2205;184.46;39.875;7.419;49.965;111.8636363636363;23.88;43.205;75.68;24.91;118.25;385.3;530.6;73.6;130.2;20.54;54.31;8.566;10.488;182.1;27.59;2.062;14.666;13.765;13.33;78.75;74.32;23.1;6.451;4.5795;77.98;217.55;131.14;59.08;67.12;30.2;61.71;100.34;154.94;223.5;46.775;120.98;280.7;15.0;29.54;46.82;127.55
157.05;251.6;93.52;4.905;4.12;194.0;39.5;7.312;48.59;111.3636363636364;23.795;42.52;75.5;24.95;116.55;382.7;524.6;73.54;129.55;20.845;54.11;8.574;10.284;180.45;27.09;2.043;14.414;13.8;13.305;79.16;74.25;22.825;6.513;4.5305;77.18;217.0;131.96;59.01;66.35;29.55;60.84;99.68;153.06;223.2;45.63;120.06;280.8;14.872;29.465;46.13;127.05
157.0;250.6;93.14;4.8555;4.0445;199.5;39.245;7.284;48.03;111.2272727272727;23.635;42.37;75.74;25.01;118.8;382.85;519.6;72.04;129.95;20.365;54.17;8.614;10.238;180.05;27.45;2.05;14.3;13.825;13.26;79.22;74.0;22.715;6.559;4.5515;76.1;215.45;132.1;58.76;66.15;29.47;60.43;99.18;151.46;223.0;45.325;113.32;281.85;14.77;29.355;45.38;128.4
157.25;248.0;93.0;4.78;4.003;199.5;38.94;7.244;48.2;110.8181818181818;23.58;41.995;75.3;24.91;119.1;382.3;522.7;72.02;133.3;20.385;53.77;8.512;10.082;181.3;27.48;2.008;14.22;13.75;13.225;83.61;74.57;22.37;6.288;4.5815;76.3;215.7;131.5;59.55;66.57;29.47;60.8;99.54;151.46;225.8;45.03;112.0;278.95;14.684;29.495;45.44;129.4
157.6;250.3;92.98;4.7445;3.9885;202.2;41.17;7.218;48.195;111.8181818181818;23.525;41.995;75.4;24.89;119.05;384.8;527.2;73.34;133.25;20.56;53.93;8.516;10.074;181.3;27.37;2.0115;14.316;13.82;13.155;84.5;75.41;22.33;6.273;4.5845;76.5;214.5;130.76;59.6;66.77;29.52;61.26;99.5;151.4;223.4;44.875;111.24;284.1;14.7;29.475;46.04;128.25
160.3;250.3;93.3;4.8795;4.134;205.9;42.185;7.273;48.86;113.1363636363636;23.675;42.925;75.52;24.68;119.3;383.3;524.0;73.34;136.45;20.49;54.31;8.564;10.272;184.7;27.54;2.035;14.39;13.965;13.22;85.7;75.86;23.03;6.274;4.5975;77.9;216.1;132.62;60.99;69.34;29.47;63.67;101.44;157.14;222.9;45.195;112.46;283.05;14.738;30.22;48.045;127.3
158.4;247.1;92.8;4.878;4.137;209.45;42.14;7.282;48.45;112.9090909090909;23.54;42.93;75.32;24.82;119.15;380.3;519.5;73.88;135.95;20.38;53.89;8.64;10.288;182.2;27.5;2.035;14.414;14.035;13.155;86.33;75.73;23.165;6.33;4.633;77.54;215.1;131.96;60.1;70.01;29.45;63.86;102.24;158.62;223.9;45.625;113.78;282.25;14.814;30.455;49.215;126.7
157.4;248.0;91.5;4.894;4.0925;207.7;41.805;7.069;47.92;111.5454545454545;23.54;42.99;77.2;24.7;119.0;376.15;508.9;72.96;132.95;20.445;52.75;8.64;10.454;177.9;27.53;2.02;14.35;13.95;13.39;90.0;75.4;22.99;6.247;4.9715;79.0;212.2;130.5;59.18;68.95;29.84;62.76;100.96;154.06;220.0;45.0;112.22;282.7;14.656;30.24;48.255;126.95
158.75;249.1;91.96;4.833;4.061;208.4;42.2;7.058;48.03;112.6818181818182;23.465;42.935;78.4;26.19;119.1;385.6;473.25;73.14;135.0;20.53;52.49;8.592;10.412;179.9;27.65;2.01;14.338;14.05;13.52;90.43;75.95;23.08;6.21;5.068;79.24;212.15;131.0;59.9;68.67;30.14;61.94;100.98;155.26;219.0;45.04;114.1;289.8;14.844;30.3;48.375;127.45
158.35;251.1;92.2;4.802;4.035;206.05;42.515;7.102;48.06;112.9545454545454;23.5;42.655;78.74;25.54;119.35;378.75;479.1;72.92;132.55;20.75;52.92;8.638;10.342;179.05;27.48;1.9912;14.248;14.315;13.615;91.38;77.1;22.905;6.246;5.039;79.26;212.95;130.08;59.33;68.29;29.94;62.21;101.2;153.2;221.8;45.915;113.42;288.9;15.142;30.33;48.47;124.35
157.6;247.4;90.0;4.6565;3.8855;205.0;42.365;6.964;47.235;113.8181818181818;23.0;41.52;78.22;25.0;118.55;374.5;471.35;71.42;131.1;20.4;52.85;8.52;10.082;176.35;26.97;1.966;14.094;14.04;13.46;90.88;75.58;22.055;6.169;4.919;77.38;209.0;127.72;57.16;67.11;29.55;60.44;99.62;151.74;218.2;44.935;110.58;279.15;14.888;29.43;47.24;124.8
159.05;242.0;93.24;4.5995;3.863;202.8;42.485;6.921;47.035;113.6363636363636;22.9;42.18;78.4;25.18;122.65;375.3;469.5;71.36;129.85;20.455;52.33;8.57;10.072;173.75;27.03;1.9604;14.204;13.92;13.425;91.07;75.46;22.205;6.199;4.8795;78.08;210.4;128.06;58.75;66.83;30.0;60.53;98.99;150.94;217.8;45.54;111.72;289.55;14.88;29.51;46.895;126.3
162.25;245.2;94.16;4.6355;3.8755;207.55;43.65;6.876;46.55;114.7727272727273;23.165;42.845;79.14;25.02;127.7;379.1;469.45;72.06;130.55;20.445;52.78;8.618;9.839;174.05;27.56;2.0;14.096;13.85;13.52;92.71;75.49;23.5;6.24;4.9195;78.74;211.85;129.42;60.25;67.49;30.01;60.7;95.0;150.64;218.0;45.78;113.18;296.35;15.052;29.4;46.8;133.0
156.05;237.6;91.28;4.522;3.755;197.56;41.7;6.775;44.73;110.3181818181818;22.3;41.15;77.04;24.16;123.15;358.4;450.9;69.94;126.65;20.435;51.91;8.66;9.252;167.3;27.04;1.9526;13.68;13.665;13.4;89.88;74.22;22.42;6.198;4.812;74.42;204.35;123.34;58.0;64.65;28.75;58.21;92.15;146.24;214.3;44.705;109.36;279.4;14.828;28.35;45.225;130.05
153.5;230.3;89.2;4.46;3.6975;190.84;41.025;6.655;44.135;109.7727272727273;21.82;40.415;76.22;23.98;120.5;343.25;442.35;68.74;123.65;20.24;50.92;8.642;8.851;171.55;26.38;1.9678;13.48;13.35;13.28;87.65;72.35;22.4;6.124;4.745;72.74;201.85;120.7;55.83;63.34;27.9;56.61;89.75;142.98;212.7;43.5;106.18;267.8;14.658;27.88;43.935;127.7
152.35;228.6;90.0;4.414;3.6245;190.02;40.74;6.527;43.545;109.5454545454545;21.615;40.27;75.94;24.93;121.1;350.45;446.7;67.58;121.65;20.16;50.47;8.7;8.75;166.0;25.96;1.9446;13.384;13.26;13.27;86.77;72.24;22.305;6.134;4.7645;72.8;200.4;119.92;55.5;62.26;27.81;56.53;89.64;142.94;210.0;42.595;104.0;269.85;14.6;28.51;43.28;125.6
154.4;233.0;91.4;4.407;3.613;190.6;40.94;6.505;43.18;110.0909090909091;21.425;39.955;76.14;24.97;125.0;357.65;447.0;68.18;122.9;20.055;50.75;8.788;8.744;167.7;26.29;1.91;13.194;13.325;13.285;86.8;72.69;22.1;6.134;4.7045;72.96;199.16;122.0;58.84;62.11;27.88;56.78;89.36;142.78;211.4;42.405;106.2;273.55;14.626;28.685;43.31;127.55
156.65;238.0;93.88;4.5175;3.695;195.76;41.735;6.526;43.91;113.0909090909091;21.86;40.745;77.94;25.37;128.15;368.25;456.1;69.8;127.55;21.105;50.83;8.804;8.875;171.4;26.73;1.9454;13.434;13.43;13.335;87.57;74.61;22.765;6.14;4.815;74.3;201.95;127.16;62.97;62.53;28.77;58.49;90.48;144.28;215.1;42.855;108.66;267.45;14.548;29.4;43.85;129.0
156.05;232.7;94.0;4.436;3.6145;191.56;41.295;6.345;43.49;111.3636363636364;21.655;40.205;77.66;25.0;129.35;364.35;454.6;68.94;126.65;20.53;50.8;8.818;8.647;169.55;26.5;1.8748;13.192;13.28;13.21;87.24;73.75;22.275;6.036;4.7955;72.94;198.96;125.12;64.63;61.03;28.38;58.13;89.0;141.34;215.9;42.485;106.08;259.65;14.452;28.675;42.58;128.55
156.7;234.5;94.0;4.276;3.5505;192.0;41.455;6.254;43.23;112.1363636363636;21.6;39.665;77.78;25.21;128.5;356.55;448.8;68.74;127.15;20.425;51.3;8.894;8.495;172.5;26.34;1.836;13.17;13.305;13.255;86.22;73.82;21.79;6.064;4.747;73.06;200.25;125.2;63.76;60.83;28.55;58.0;88.62;140.96;217.8;42.26;106.34;261.7;14.462;28.525;42.35;127.8
155.8;233.5;94.96;4.353;3.5915;195.5;41.595;6.25;44.22;113.6363636363636;21.625;40.37;77.86;25.38;131.1;359.55;439.95;67.94;127.9;20.31;51.27;8.932;8.643;173.65;26.24;1.8872;13.42;13.48;13.46;85.73;75.4;22.38;6.078;4.776;74.3;201.3;126.58;64.96;61.04;29.15;58.67;89.24;142.9;218.2;42.97;107.62;261.75;14.588;29.03;42.85;128.2
154.55;230.1;92.92;4.2435;3.47;187.3;40.815;5.987;43.64;110.4545454545454;21.305;39.32;78.8;25.06;128.25;348.15;428.45;66.24;124.0;20.14;52.18;8.926;8.395;168.15;25.82;1.8456;13.102;13.32;13.265;84.2;75.43;21.465;6.009;4.623;72.12;197.18;121.84;63.92;59.6;28.59;57.32;86.15;139.88;214.5;41.99;105.48;255.2;14.538;28.45;41.535;127.1
156.85;230.3;93.48;4.234;3.4745;188.06;40.95;5.945;43.3;110.4545454545454;21.24;39.6;78.76;25.06;126.75;345.7;427.6;66.16;125.3;20.195;52.57;9.13;8.335;168.0;25.59;;;13.33;13.27;84.51;74.83;21.375;;4.5755;71.5;196.84;122.4;62.98;58.82;28.41;56.2;85.0;138.16;215.5;41.75;105.74;257.1;14.648;28.23;40.53;127.25
159.1;233.3;95.48;4.3655;3.5855;191.42;41.65;6.006;43.235;112.0;21.525;40.61;80.1;25.47;127.25;348.45;432.3;67.24;126.3;20.985;53.34;9.246;8.583;169.05;25.99;1.882;13.04;13.465;13.46;85.63;75.99;22.07;6.285;4.633;72.64;198.64;123.02;64.61;59.56;28.91;56.85;85.84;139.86;217.0;42.255;107.3;257.7;14.882;28.58;41.245;129.0
158.1;237.6;97.46;4.2685;3.5485;195.08;42.0;6.11;44.15;112.2272727272727;21.72;40.795;80.54;25.67;128.55;356.85;437.95;68.28;126.95;20.835;54.35;9.298;8.492;170.25;26.61;1.9142;13.274;13.63;13.595;86.57;77.24;22.38;6.359;4.71;73.06;201.15;124.78;66.3;60.36;29.03;57.97;87.23;142.32;219.8;43.465;107.98;259.5;14.982;28.875;41.97;129.85
158.3;236.4;97.22;4.207;3.4905;194.26;42.01;5.952;43.665;111.5454545454545;21.485;40.53;79.94;25.52;129.05;355.7;434.8;67.18;126.5;20.69;54.4;9.286;8.481;170.25;26.33;1.9034;13.144;13.49;13.5;85.66;77.06;22.105;6.236;4.645;72.96;200.45;126.2;66.0;59.74;28.52;57.85;87.22;141.14;219.1;43.515;106.86;260.95;14.964;28.615;41.335;129.45
165.95;241.1;98.52;4.231;3.4845;196.0;42.35;5.972;44.385;113.5909090909091;21.58;40.605;80.6;25.76;131.25;369.1;439.05;68.54;130.1;20.885;54.94;9.338;8.406;170.95;27.14;1.9226;13.35;13.55;13.525;86.64;77.93;22.12;6.318;4.6475;74.36;202.15;128.0;67.23;60.59;29.23;58.99;89.12;142.64;220.5;43.9;109.86;265.8;14.88;29.085;41.955;131.25
163.15;239.0;97.12;4.325;3.5275;193.68;42.18;5.993;44.395;112.9090909090909;21.58;40.94;79.68;25.61;130.5;361.1;430.8;67.24;128.4;20.83;54.39;9.314;8.576;169.0;27.22;1.9418;13.312;13.445;13.47;86.15;77.02;22.58;6.284;4.5785;74.16;200.95;124.42;67.72;60.61;28.72;59.06;88.93;143.06;219.4;43.99;107.48;262.55;14.826;29.045;42.02;130.9
162.45;236.1;95.54;4.24;3.4675;190.16;41.735;5.939;43.58;111.1363636363636;21.25;40.065;78.86;25.41;130.95;355.5;426.0;66.9;129.2;20.8;54.14;9.26;8.412;165.7;27.05;1.9032;13.142;13.42;13.4;85.56;76.73;22.335;6.223;4.519;73.3;197.64;122.62;66.59;58.7;29.22;58.07;88.19;141.16;217.4;44.055;106.38;259.8;14.774;28.885;40.72;131.5
164.25;238.6;96.8;4.276;3.495;192.42;41.43;6.057;43.84;112.4545454545455;21.295;40.55;79.7;25.33;131.5;353.6;425.05;66.42;128.0;20.745;54.34;9.262;8.483;166.05;26.89;1.94;13.218;13.5;13.435;85.1;76.95;22.54;6.33;4.5045;73.8;199.16;122.84;66.62;59.57;29.27;58.0;88.57;142.18;218.6;44.04;106.72;261.4;14.812;28.98;41.33;131.25
166.0;244.1;97.82;4.2905;3.4655;193.46;41.93;6.143;43.965;112.4545454545455;21.255;40.325;80.6;25.31;132.85;359.85;430.05;67.04;128.25;20.775;55.14;9.304;8.495;167.0;27.16;1.9482;13.302;13.66;13.52;85.16;77.87;22.425;6.499;4.478;73.62;198.76;122.56;66.98;59.49;29.5;58.24;89.0;143.5;217.7;43.96;108.54;264.1;14.9;29.225;41.54;128.95
166.65;246.3;97.18;4.274;3.4695;194.1;42.135;6.234;44.315;112.5454545454545;20.78;40.2;80.54;25.18;133.0;355.85;429.7;66.62;127.0;20.87;55.36;9.316;8.481;167.6;27.55;1.9686;13.4;13.65;13.58;84.3;77.48;22.405;6.501;4.4365;73.26;196.82;121.6;66.7;59.72;29.23;58.48;88.71;143.54;216.5;44.205;107.12;265.25;14.928;29.195;41.705;127.2
171.8;249.3;98.42;4.3225;3.458;199.42;42.415;6.294;45.0;114.6818181818182;20.88;40.825;81.44;25.54;134.25;361.35;435.35;67.16;131.0;21.23;55.63;9.356;8.601;170.3;27.7;2.0135;13.618;13.795;13.715;86.11;78.02;22.855;6.632;4.4515;74.72;199.22;125.28;67.64;60.17;30.16;59.67;90.0;145.28;218.6;44.665;108.38;266.0;15.14;29.675;41.985;127.95
173.7;248.6;99.5;4.309;3.44;202.25;42.885;6.301;45.39;115.1363636363636;20.87;41.035;81.46;25.43;134.25;362.4;440.4;67.76;132.15;21.285;56.44;9.352;8.697;170.7;28.12;1.9932;13.68;13.825;13.8;86.2;78.12;23.055;6.594;4.4995;76.16;200.5;125.34;67.34;60.81;30.28;60.18;90.95;146.1;217.9;44.16;108.6;269.7;15.176;29.9;42.705;133.75
177.2;251.2;99.84;4.2775;3.4345;200.7;43.01;6.356;45.28;115.8181818181818;20.99;41.045;81.56;25.3;133.45;362.9;440.85;67.18;131.9;21.4;56.93;9.442;8.658;171.05;27.85;2.0035;13.712;13.865;13.83;86.23;79.53;23.05;6.68;4.4885;75.64;201.55;126.0;66.72;60.53;30.55;60.01;90.51;146.66;220.5;44.25;108.36;270.2;15.25;30.08;42.6;137.2
177.25;252.9;99.98;4.286;3.3985;201.25;42.9;6.372;44.775;113.9545454545454;20.81;40.845;81.78;25.26;133.85;355.65;433.4;67.0;129.9;21.445;57.39;9.526;8.647;170.5;27.87;2.0005;13.602;13.84;13.82;85.94;81.05;22.975;6.681;4.4465;74.52;199.72;124.62;66.4;60.4;30.42;59.36;89.87;146.28;219.7;44.41;108.3;270.4;15.192;29.67;43.025;137.2
176.55;254.8;100.7;4.313;3.407;204.7;42.985;6.437;45.405;114.4545454545455;21.02;41.255;82.0;25.33;135.45;368.5;446.25;67.4;131.3;21.59;57.56;9.498;8.768;169.95;27.8;2.0275;13.67;13.855;13.785;85.67;81.1;23.36;6.738;4.4455;74.74;201.0;126.2;67.51;61.09;30.86;60.21;91.2;147.96;221.7;44.665;109.22;273.05;15.196;29.945;43.97;137.95
174.6;250.7;100.9;4.496;3.527;215.1;42.965;6.507;46.225;113.0;21.405;42.46;81.8;25.25;134.8;376.4;455.4;68.08;138.0;21.625;56.89;9.438;9.034;170.0;28.54;2.056;13.868;13.755;13.71;84.95;81.19;24.175;6.665;4.489;76.14;203.05;127.32;66.5;62.32;30.63;61.01;91.55;150.84;222.2;44.62;111.48;274.8;15.08;30.385;45.35;136.25
174.75;251.2;99.86;4.49;3.531;217.3;43.055;6.582;45.78;113.9090909090909;21.56;42.45;81.72;25.3;135.2;379.9;453.75;68.52;142.95;21.775;56.78;9.428;9.083;172.05;28.65;2.067;13.77;13.655;13.69;84.5;81.59;24.15;6.62;4.535;77.16;204.3;126.6;66.99;62.32;30.5;61.46;92.55;150.4;223.2;44.65;111.3;278.9;15.092;30.485;45.405;137.4
168.65;249.3;97.88;4.602;3.6165;219.15;42.14;6.66;46.325;112.3181818181818;21.965;43.71;80.0;25.08;132.45;378.95;449.2;67.46;142.45;21.7;55.48;9.23;9.334;168.75;28.79;2.1015;13.922;13.385;13.455;86.06;79.26;25.14;6.545;4.534;78.02;206.65;126.84;67.26;63.22;30.52;62.28;94.19;154.08;226.8;44.2;110.2;277.05;15.034;30.465;46.45;136.1
168.15;248.1;97.68;4.696;3.7205;217.05;42.0;6.686;47.375;113.2727272727273;22.3;44.55;79.5;24.95;130.3;373.15;450.45;67.18;139.35;22.22;54.48;9.196;9.568;166.25;28.61;2.1235;14.102;13.545;13.515;85.14;78.76;25.545;6.49;4.562;79.16;207.6;122.3;69.07;63.77;30.56;63.87;96.0;154.62;227.9;44.955;108.74;269.85;15.052;30.78;46.85;135.5
169.25;247.8;97.56;4.6765;3.7105;221.0;42.58;6.691;47.145;114.1818181818182;22.455;44.3;80.26;24.95;129.95;378.15;467.5;67.34;139.25;22.595;54.69;9.194;9.628;169.65;27.5;2.108;14.074;13.595;13.625;85.41;79.16;25.665;6.442;4.612;79.88;208.7;123.5;69.0;63.81;31.01;64.66;97.37;155.7;228.1;45.465;109.14;270.5;15.09;30.9;47.18;136.7
168.6;249.8;98.92;4.729;3.728;223.8;43.05;6.722;46.58;116.4090909090909;22.425;44.235;80.84;25.14;129.4;379.7;472.15;67.5;142.0;22.625;55.0;9.308;9.566;173.3;27.18;2.1225;13.9;13.94;13.865;87.9;79.77;25.56;6.613;4.6815;80.5;210.15;124.82;68.01;64.64;31.37;64.41;96.71;156.76;230.3;45.165;109.34;275.85;15.176;30.99;47.76;138.0
164.45;244.4;98.28;4.8655;3.821;226.6;43.19;6.789;46.65;115.2727272727273;22.735;45.355;79.5;25.06;130.35;382.0;468.6;67.2;143.8;22.895;54.43;9.21;9.836;174.8;26.91;2.182;14.044;13.67;13.87;87.19;79.53;25.99;6.592;4.685;82.04;212.0;125.5;68.06;65.06;31.91;65.75;96.92;158.06;230.1;45.69;107.88;272.55;15.136;31.105;48.54;138.15
162.3;242.1;97.08;4.795;3.766;223.85;43.12;6.793;47.815;114.5909090909091;22.59;44.59;79.54;25.08;130.6;367.1;463.25;66.18;140.2;22.61;53.96;9.156;9.679;171.75;26.56;2.1435;14.314;13.615;13.91;86.98;79.09;25.72;6.482;4.642;80.56;210.3;121.24;67.87;65.1;31.17;65.67;96.7;157.56;227.2;45.42;106.48;268.5;15.132;30.875;48.05;138.15
166.4;246.2;98.12;4.6975;3.6565;223.3;43.645;6.672;47.855;116.3181818181818;22.55;43.875;80.5;25.01;131.0;367.2;461.15;66.5;142.1;22.59;54.71;9.27;9.493;174.25;26.66;2.125;14.152;13.95;13.79;87.42;80.0;25.255;6.517;4.6135;80.26;209.7;121.96;66.85;64.53;30.78;64.28;97.01;155.84;228.1;45.135;108.26;270.8;15.134;30.72;47.22;139.05
165.7;247.0;98.5;4.6925;3.6205;226.05;43.93;6.724;48.02;116.5454545454545;22.635;43.805;80.18;25.06;130.4;364.7;462.35;66.8;141.85;22.505;54.64;9.32;9.438;174.9;26.63;2.126;14.324;14.16;13.96;87.64;80.22;25.31;6.65;4.6255;80.54;210.1;122.82;66.2;64.55;30.75;64.02;96.56;155.94;230.5;44.74;108.5;273.45;15.206;30.35;47.36;139.25
164.8;247.3;98.7;4.7845;3.7235;228.0;44.005;6.754;48.165;118.1818181818182;22.905;44.75;80.18;25.1;130.9;367.3;462.65;66.6;142.45;22.695;54.47;9.332;9.628;176.9;27.14;2.164;14.414;14.27;14.035;86.4;81.42;25.995;6.615;4.6715;81.2;211.8;124.08;66.9;64.99;31.14;63.92;97.47;158.92;232.1;45.315;109.1;275.0;15.248;30.25;47.425;139.55
164.4;249.0;98.64;4.9;3.76;226.05;43.74;6.912;49.48;118.9090909090909;23.39;45.295;80.44;24.94;132.1;370.05;468.95;68.0;142.3;22.77;53.8;9.272;9.73;177.8;27.27;2.166;14.552;14.45;14.25;88.07;83.32;26.22;6.576;4.791;80.52;211.95;120.1;67.23;65.15;31.03;63.89;98.01;159.8;232.9;44.345;109.86;274.75;15.378;30.185;47.345;139.35
164.25;246.3;97.7;4.6855;3.6565;225.3;43.485;6.888;48.665;118.2727272727273;23.155;44.01;80.5;24.97;132.45;366.45;454.25;65.48;141.1;22.505;54.35;9.35;9.531;175.4;27.62;2.1405;14.14;14.34;14.3;87.47;83.69;25.43;6.671;4.676;78.82;211.25;119.8;65.85;64.0;30.61;63.42;96.63;156.58;232.9;44.39;108.12;272.4;15.424;29.835;46.24;139.7
165.6;248.8;98.7;4.67;3.629;225.15;43.99;6.866;47.745;118.2272727272727;22.97;43.735;80.9;24.94;132.6;370.05;458.3;66.3;141.55;22.6;54.69;9.436;9.41;175.6;27.84;2.13;13.996;14.57;14.25;85.34;85.09;25.01;6.768;4.6475;78.36;209.95;118.8;65.96;63.68;30.49;62.0;95.49;153.2;234.5;44.735;108.38;273.9;15.334;29.84;45.465;140.7
162.0;246.3;97.2;4.676;3.643;223.85;44.335;6.89;47.19;117.2727272727273;22.985;43.51;78.8;24.82;128.8;361.2;458.9;65.28;142.3;22.505;54.39;9.388;9.445;175.05;27.71;2.135;13.862;14.5;14.175;86.22;84.87;24.915;6.73;4.5845;77.62;208.8;120.96;66.07;63.38;30.24;61.83;95.93;153.88;232.8;43.625;106.7;269.7;15.296;29.795;45.4;140.05
162.85;251.1;97.42;4.6945;3.6375;226.4;43.92;6.944;47.38;117.8636363636364;23.055;43.845;79.88;24.94;130.8;360.9;463.95;65.28;143.55;22.77;55.02;9.48;9.43;175.75;27.9;2.143;13.934;14.77;14.295;86.82;85.25;24.93;6.832;4.5275;78.66;210.85;119.54;64.61;63.09;30.8;61.99;95.71;153.64;236.8;43.41;107.5;278.65;15.424;30.12;44.865;142.0
162.45;253.4;97.02;4.747;3.7;225.45;41.54;6.997;47.59;117.6363636363636;23.15;44.19;80.38;25.39;130.5;360.15;464.75;65.8;145.0;23.02;55.04;9.418;9.579;176.1;28.12;2.1605;14.054;14.625;14.395;87.04;85.06;24.94;6.786;4.5925;79.54;211.85;119.0;64.68;63.89;31.28;63.54;97.36;154.9;237.2;43.96;107.8;285.1;15.362;30.19;45.38;143.55
163.4;256.9;98.82;4.7805;3.7365;227.25;42.5;7.001;47.885;118.7272727272727;23.43;44.67;80.82;25.18;132.25;364.65;467.55;65.72;144.45;22.955;55.15;9.536;9.604;178.0;28.4;2.1755;14.034;14.98;14.395;87.42;85.06;25.14;6.851;4.65;80.5;213.85;119.2;64.69;64.59;31.59;64.12;98.25;156.06;237.4;42.895;107.88;285.65;15.394;30.645;45.62;143.4
163.15;250.1;97.72;4.7005;3.6745;224.95;41.4;6.946;47.34;117.2727272727273;23.065;44.04;79.42;25.1;129.15;357.1;453.65;64.72;142.85;23.05;55.19;9.42;9.455;174.6;28.17;2.155;13.98;15.065;14.36;85.44;83.56;24.63;6.817;4.4945;78.62;212.05;116.74;62.48;64.38;31.0;63.25;96.82;153.8;236.6;42.39;106.86;282.2;15.338;29.445;45.165;140.5
162.45;240.6;94.76;4.519;3.517;218.95;40.03;6.775;45.455;113.6818181818182;22.48;42.5;77.46;24.63;126.5;344.0;436.1;61.94;138.95;22.505;54.1;9.31;9.106;166.6;27.29;2.094;13.556;14.6;14.025;83.11;80.67;23.63;6.669;4.4;75.8;206.85;114.36;60.62;63.16;29.84;61.77;94.84;149.14;232.6;41.1;103.34;268.75;15.052;28.885;44.055;137.65
169.35;242.6;95.4;4.519;3.5085;220.6;40.355;6.767;44.91;113.6818181818182;22.46;42.115;77.76;24.66;127.0;346.8;437.85;62.58;138.65;22.28;54.1;9.3;9.076;;27.42;2.091;13.408;14.545;14.02;82.93;81.2;23.33;6.639;4.395;75.38;;119.22;;;29.96;;;;;;;;;;;
172.0;246.0;96.96;4.535;3.5275;223.4;41.04;6.809;45.0;115.4545454545454;22.58;42.285;78.2;24.98;128.85;349.6;441.9;63.52;140.4;22.81;54.23;9.388;9.132;168.7;27.81;2.0955;13.544;14.77;14.285;84.22;82.2;23.395;6.754;4.4255;76.86;206.25;117.78;62.28;62.39;29.93;61.61;95.3;147.82;235.8;41.62;104.84;271.6;15.132;28.88;43.81;140.3
174.0;248.0;97.32;4.587;3.5575;226.05;41.67;6.869;45.215;117.0;22.74;42.615;78.82;24.94;129.65;353.8;445.3;64.3;141.4;22.695;54.75;9.424;9.2;172.3;28.13;2.108;13.652;14.84;14.45;85.39;82.3;23.515;6.845;4.4775;77.34;207.7;117.22;63.13;62.68;29.73;62.4;96.42;148.54;237.2;41.33;104.28;272.35;15.25;28.75;43.805;139.75
171.9;245.4;95.64;4.5055;3.5205;221.05;41.05;6.771;44.47;115.05;22.515;42.325;78.1;24.76;128.55;351.05;438.7;64.06;139.35;22.44;54.14;9.332;9.07;168.05;27.5;2.086;13.534;14.655;14.325;83.89;82.14;23.11;6.772;4.481;75.12;205.4;117.7;63.37;61.86;29.11;61.6;94.92;149.1;235.5;40.735;103.66;269.85;15.272;28.67;43.555;139.65
172.35;247.6;96.68;4.506;3.5435;224.65;41.6;6.815;44.88;116.2;22.45;42.49;78.96;24.7;132.3;357.0;443.95;64.76;140.45;22.24;54.25;9.352;9.064;169.35;27.78;2.1035;13.6;14.535;14.37;84.29;81.85;23.22;6.815;4.4845;77.14;206.1;117.38;64.18;62.35;29.43;62.05;95.94;150.0;236.8;41.255;105.9;278.75;15.35;28.745;44.4;140.65
170.4;245.3;97.12;4.628;3.636;230.55;37.955;6.891;45.295;117.55;22.755;43.69;78.62;24.75;132.5;376.85;462.6;65.84;140.7;22.475;54.11;9.298;9.467;174.45;28.2;2.1495;13.682;14.675;14.49;83.59;81.91;23.99;6.767;4.5055;78.28;207.15;117.92;64.14;63.23;30.23;62.98;96.49;153.94;237.3;41.265;104.94;278.6;15.304;29.04;45.54;140.95
170.25;243.2;100.2;4.716;3.792;236.3;39.115;7.039;46.415;119.3;23.64;45.75;79.22;24.87;134.3;378.2;471.85;66.82;142.1;22.84;53.61;9.214;9.838;177.55;28.57;2.186;13.836;15.03;14.805;83.94;82.05;25.255;6.8;4.618;80.76;213.1;118.88;65.22;64.78;31.11;64.86;99.13;161.5;241.4;42.24;115.68;280.2;15.456;29.72;47.06;141.9
168.65;243.8;99.16;4.6345;3.7545;236.1;39.345;6.985;45.84;118.5;23.495;45.39;79.52;24.91;134.35;379.25;471.7;65.94;141.45;22.77;53.4;9.254;9.831;176.0;28.41;2.18;13.744;15.1;14.7;83.13;81.41;25.215;6.779;4.5595;80.32;210.7;118.3;65.61;64.91;31.18;64.59;99.18;161.84;240.2;42.21;114.76;280.9;15.496;29.76;47.065;143.85
167.7;244.2;98.84;4.749;3.8955;243.2;39.13;7.042;46.455;118.7;23.905;47.04;80.3;24.9;136.05;380.5;485.9;66.88;141.75;23.025;53.07;9.156;10.036;178.1;28.53;2.21;13.838;15.095;14.84;83.91;82.45;25.75;6.838;4.565;81.36;214.0;119.44;66.64;66.63;31.68;65.46;99.88;164.64;245.2;43.29;115.48;286.6;15.722;30.315;48.05;145.5
166.6;245.4;98.8;4.8075;3.9205;232.2;39.155;7.079;46.405;118.5;23.76;47.25;79.08;24.91;136.5;378.1;482.05;67.1;140.4;23.04;54.01;9.16;10.214;178.5;28.75;2.2385;13.816;15.005;14.88;83.66;82.68;25.98;6.805;4.622;81.78;213.65;119.32;66.21;67.13;31.75;66.21;100.72;169.78;245.1;44.32;116.64;281.6;15.708;30.395;48.8;142.1
159.65;244.3;97.22;4.727;3.858;229.0;39.07;7.047;46.215;117.05;23.835;46.98;78.58;25.17;134.45;374.75;477.65;66.74;140.4;23.125;54.45;9.094;10.15;177.3;28.54;2.2315;13.744;14.88;14.87;83.6;83.72;26.03;6.77;4.714;82.2;215.35;119.84;65.97;67.91;31.5;66.13;98.92;170.18;245.1;44.49;116.0;282.0;15.842;30.52;49.125;142.65
161.0;240.7;96.54;4.7785;3.87;228.0;39.07;7.068;46.335;117.5;23.93;46.99;71.96;25.42;134.8;375.05;469.65;65.5;140.85;22.98;54.07;9.122;10.162;175.85;28.45;2.2345;13.78;14.95;14.925;83.54;82.8;26.03;6.768;4.714;81.78;218.1;120.4;65.24;67.41;31.41;66.31;99.77;169.34;247.9;43.365;115.82;281.35;15.932;30.76;48.425;143.0
159.1;237.8;97.16;4.892;3.9655;232.95;39.45;7.097;46.48;116.55;24.11;47.81;72.12;24.92;133.2;374.6;475.85;66.18;138.0;22.845;53.51;9.06;10.362;174.45;28.52;2.253;13.838;14.77;14.875;83.7;82.8;26.545;6.828;4.709;83.28;219.3;122.0;65.73;67.84;31.76;67.61;101.94;170.88;248.2;43.825;118.74;281.35;15.982;31.3;49.2;139.7
156.95;239.2;96.8;4.887;3.965;231.8;38.98;7.148;47.185;116.1;24.09;47.82;72.88;24.95;132.75;376.65;478.05;65.4;139.05;22.795;53.71;9.106;10.35;172.3;28.29;2.275;13.954;14.96;14.935;82.84;82.07;26.455;6.838;4.713;83.92;220.6;121.86;65.0;68.47;31.53;67.24;103.2;171.02;249.1;42.64;119.5;280.15;16.142;31.65;49.645;140.95
157.5;239.1;96.68;4.908;3.9865;230.05;39.125;7.218;47.32;117.0;24.135;47.955;73.4;24.89;132.4;375.0;480.35;65.36;138.1;22.74;53.14;9.132;10.326;174.6;28.05;2.27;14.072;14.97;14.915;82.22;81.97;26.49;6.745;4.718;84.16;221.35;120.16;66.5;68.66;32.25;67.79;103.68;171.62;250.4;43.3;118.46;274.0;16.254;31.92;50.42;139.6
159.75;241.9;98.32;4.886;3.9495;237.3;39.455;7.168;47.5;116.5;24.37;47.825;74.02;25.04;133.45;377.05;472.7;66.32;139.2;22.85;53.0;9.204;10.332;174.45;28.15;2.271;14.138;15.115;14.73;82.85;83.52;26.185;6.853;3.6165;83.8;222.9;122.26;67.25;69.03;32.51;70.08;103.78;175.0;250.3;43.39;118.88;273.15;15.992;32.105;52.06;142.35
159.3;243.3;100.65;4.885;3.982;237.85;39.665;7.153;47.695;116.8;24.305;47.69;73.96;24.88;134.55;383.95;514.0;67.06;139.3;22.815;53.24;9.216;10.376;175.9;28.28;2.2725;14.04;14.925;14.68;73.68;83.4;26.205;6.88;3.4545;83.86;221.55;123.52;66.54;69.43;32.99;70.62;104.4;172.36;250.1;43.44;119.22;275.15;16.006;32.02;52.88;141.65
159.1;243.0;99.26;4.882;3.979;240.75;39.145;7.112;47.85;117.3;24.26;48.03;73.7;25.16;134.45;382.1;510.0;67.12;139.6;22.465;52.19;9.182;10.336;176.8;28.34;2.2785;13.938;14.86;14.545;73.12;83.38;26.35;6.864;3.293;85.0;222.1;124.68;66.38;69.89;33.14;69.99;105.12;176.12;250.3;43.77;119.7;278.6;15.904;32.09;53.55;144.0
160.2;244.6;100.4;4.8565;3.9665;239.55;38.485;6.92;47.67;117.3;24.15;48.0;74.36;25.04;133.65;380.25;510.5;66.54;142.4;22.545;52.49;9.15;10.332;180.55;28.49;2.272;13.828;14.8;14.17;72.19;84.17;26.33;6.872;3.215;85.0;221.9;125.76;65.93;69.83;33.39;70.0;105.5;173.3;250.8;45.77;118.9;276.0;15.66;32.095;53.45;140.55
163.65;263.1;99.78;4.7345;3.7095;237.5;38.815;6.867;47.665;117.2;23.83;46.93;74.82;25.0;135.05;384.45;510.9;66.02;142.8;22.495;52.95;9.128;10.142;177.7;28.5;2.2485;13.698;14.83;14.325;72.53;84.98;25.68;6.903;3.242;83.92;220.7;129.98;67.28;69.29;33.02;68.81;104.66;174.58;250.8;46.62;119.4;277.95;15.718;31.94;53.1;140.85
165.5;261.8;100.6;4.723;3.594;235.0;39.27;6.875;47.135;119.1;23.685;46.81;74.36;24.96;136.8;382.5;510.2;66.34;141.85;22.325;52.95;9.208;10.128;177.25;27.95;2.246;13.57;14.995;14.44;72.04;82.62;25.45;6.94;3.2935;83.26;219.0;128.42;69.58;68.71;32.68;68.23;103.38;170.7;249.0;47.125;118.8;276.85;15.768;31.75;52.41;138.95
164.2;260.4;101.75;4.733;3.61;239.75;39.605;6.914;47.75;118.45;23.83;47.17;73.98;25.0;136.05;389.25;515.0;67.18;143.1;22.38;52.7;9.176;10.196;177.8;28.24;2.273;13.704;14.85;14.395;71.32;81.57;25.86;6.931;3.28;84.12;219.65;129.98;69.9;69.44;33.04;69.0;104.94;172.7;249.5;47.775;119.62;280.0;15.616;32.16;52.7;139.8
163.45;260.5;102.4;4.878;3.728;244.85;39.985;6.933;48.515;119.1;24.08;48.45;73.62;25.01;136.3;397.5;525.5;67.64;143.5;22.53;52.5;9.136;10.378;179.8;28.21;2.306;13.974;14.89;14.39;71.03;82.7;26.565;6.968;3.2525;85.64;222.05;130.84;71.28;71.6;33.34;70.29;107.46;177.72;250.7;48.29;120.82;286.1;15.666;32.48;53.15;137.15
163.0;263.2;101.15;4.954;3.783;246.5;39.77;6.866;49.305;119.5;24.225;49.1;73.5;25.03;135.75;400.25;525.8;66.98;142.7;23.115;52.99;9.04;10.552;180.4;28.09;2.34;14.198;14.715;14.325;71.53;82.76;26.97;6.91;3.23;86.62;221.6;130.12;71.64;72.8;33.5;71.03;108.38;178.2;249.6;48.38;120.36;281.35;15.636;32.67;53.32;135.15
165.45;265.0;100.8;4.904;3.7675;243.05;39.805;6.745;49.325;119.9;24.31;49.87;74.58;24.78;135.0;399.55;522.1;68.58;146.35;24.27;54.2;9.048;10.59;181.9;28.48;2.3375;14.164;14.905;14.4;71.77;83.28;27.89;6.899;3.2865;86.68;223.8;131.04;71.71;73.51;33.28;71.37;108.36;179.66;251.7;48.67;122.08;266.3;15.676;32.48;52.61;136.55
164.75;263.8;100.15;4.989;3.846;243.45;40.055;6.864;49.59;119.1;25.0;51.34;73.68;24.97;135.35;404.0;524.1;71.08;145.65;24.06;53.91;8.876;10.878;182.3;28.28;2.356;14.176;14.245;14.395;70.92;82.36;28.685;6.752;3.2455;87.08;225.1;132.28;71.59;74.45;33.4;71.48;113.66;184.24;251.8;49.02;122.7;274.5;15.356;32.925;53.79;134.6
167.4;264.3;100.15;4.958;3.762;242.05;39.93;6.856;49.295;119.55;25.38;50.71;73.9;24.88;135.05;403.0;519.6;71.46;145.5;24.16;54.36;8.968;10.746;184.1;27.52;2.343;14.19;14.185;14.285;71.1;83.0;28.39;6.866;3.226;87.46;219.0;132.96;70.63;75.04;33.14;70.98;113.8;181.68;253.4;48.4;123.26;272.0;15.44;32.745;53.45;135.4
169.2;263.0;100.95;4.9435;3.74;241.85;39.955;6.905;49.41;118.75;25.275;50.52;74.06;25.0;135.1;403.25;520.6;71.54;146.55;24.41;54.04;8.898;10.74;183.75;27.6;2.357;14.136;14.16;14.31;71.2;83.17;28.76;6.86;3.21;87.06;220.1;132.86;70.5;75.03;33.07;70.37;112.54;181.5;254.1;48.425;123.54;269.8;15.298;32.76;53.43;135.8
168.05;261.4;101.45;4.9165;3.7005;243.6;39.775;6.855;49.445;118.6;25.31;50.87;74.08;24.9;135.3;403.4;533.5;71.08;148.7;24.305;53.93;8.868;10.806;186.6;27.12;2.378;14.254;14.25;14.52;71.89;83.84;28.76;6.983;3.2045;87.6;218.9;134.68;70.4;74.87;33.39;71.07;114.48;182.94;254.8;48.545;123.34;269.45;15.352;34.01;53.92;136.45
169.65;262.2;100.6;4.7565;3.5715;244.4;39.81;6.705;49.41;119.75;25.21;50.15;75.18;24.75;137.85;401.85;535.6;71.8;148.4;23.97;54.15;8.836;10.56;188.85;27.39;2.345;14.182;14.345;14.465;72.27;82.97;28.155;6.93;3.187;87.46;218.0;135.5;70.5;73.66;33.69;70.05;114.58;181.0;253.8;47.985;122.12;266.9;15.28;34.005;53.54;136.2
169.65;262.2;101.65;4.74;3.548;243.9;40.145;6.682;49.08;119.45;25.21;50.34;74.9;24.62;138.65;403.75;537.0;71.82;148.95;23.97;53.7;8.802;10.472;189.45;27.65;2.326;14.136;14.41;14.3;71.98;81.68;28.22;6.875;3.034;87.38;217.25;135.86;70.37;73.41;33.53;70.21;114.76;179.92;254.6;47.72;121.56;265.3;15.128;34.2;51.14;136.55
170.05;261.5;102.05;4.7675;3.574;249.0;40.945;6.759;49.275;121.4;25.235;50.63;75.18;24.81;139.15;405.5;545.8;71.98;149.9;24.13;53.48;8.82;10.554;189.0;27.98;2.338;14.22;14.37;14.5;72.15;83.08;28.475;6.862;3.118;88.14;218.85;136.4;70.43;74.55;33.73;70.49;115.0;183.46;256.4;48.165;122.6;267.45;15.194;34.335;50.68;137.1
171.0;262.3;101.9;4.7355;3.54;248.3;40.955;6.696;49.025;122.2;25.15;50.59;74.92;24.9;139.8;402.25;540.9;71.7;149.0;24.125;53.67;8.93;10.488;189.25;28.1;2.35;14.11;14.34;14.77;72.5;84.41;28.27;6.898;3.129;88.06;218.05;134.4;70.25;73.18;33.71;69.86;114.4;175.94;256.9;48.39;122.06;270.95;15.208;34.12;50.23;137.75
170.45;260.8;101.25;4.762;3.553;244.95;41.105;6.728;48.86;121.35;25.13;50.75;74.64;24.78;140.05;398.2;549.5;71.88;148.65;24.02;53.54;8.914;10.532;188.5;27.64;2.3475;13.97;14.2;14.635;71.72;83.11;28.375;6.83;3.107;87.28;218.7;135.3;70.19;73.52;33.63;69.78;114.44;177.32;256.7;48.665;122.66;272.15;15.156;34.435;50.16;138.1
168.0;258.6;100.5;4.726;3.5375;244.65;41.09;6.706;48.76;120.95;25.005;51.1;74.16;24.86;138.95;398.2;549.4;71.56;148.65;24.085;53.23;8.898;10.424;187.0;27.34;2.345;14.012;14.17;14.685;71.16;82.88;28.315;6.804;3.066;86.42;217.85;135.1;69.15;73.32;33.45;69.58;114.82;175.5;257.8;48.385;122.26;273.0;15.1;34.12;50.1;137.55
167.25;255.5;100.65;4.761;3.5685;242.8;40.87;6.673;48.855;120.75;25.0;51.5;73.86;24.86;137.8;394.5;541.3;70.96;149.35;24.09;52.71;8.868;10.382;187.2;27.55;2.354;14.042;14.02;14.725;70.89;84.9;28.23;6.775;3.07;85.8;217.6;134.04;68.5;73.6;33.24;69.45;114.84;176.34;256.5;48.35;122.36;273.0;15.06;33.965;51.03;136.5
166.5;255.4;99.64;4.7975;3.6115;243.1;41.04;6.765;49.105;121.95;25.02;51.55;74.28;24.95;138.55;396.25;541.4;70.96;149.25;23.85;52.65;8.874;10.52;185.8;27.49;2.3435;13.996;14.04;14.825;71.43;84.0;28.64;6.75;3.1195;86.4;218.5;133.7;68.53;74.07;33.77;69.68;114.78;177.08;254.9;48.98;122.8;273.0;15.098;33.905;52.03;136.75
165.3;255.4;100.0;4.8155;3.635;245.7;41.46;6.759;48.935;122.05;25.035;51.47;74.58;25.0;140.05;404.25;544.0;71.46;149.5;23.91;52.49;8.898;10.514;185.75;27.72;2.3525;14.048;14.2;14.86;71.95;85.03;28.61;6.84;3.1645;87.48;218.65;134.58;69.62;74.18;34.07;69.95;116.42;177.0;256.7;49.71;123.36;274.95;15.078;33.915;52.75;137.55
165.95;257.3;100.15;4.7915;3.5935;246.5;41.865;6.676;48.125;122.0;24.92;51.03;74.86;24.9;141.15;407.35;546.2;71.9;149.0;23.82;53.22;8.896;10.376;186.0;27.92;2.342;13.932;14.26;15.01;71.48;84.5;28.485;6.899;3.1325;88.24;217.2;135.68;69.03;73.81;35.06;69.19;117.7;175.88;256.4;49.685;122.4;278.55;15.052;33.85;52.52;138.3
167.0;257.9;99.74;4.8285;3.6035;246.2;42.125;6.777;48.035;121.8;24.805;51.36;74.64;24.97;141.05;408.65;547.9;72.16;148.7;23.875;53.39;8.928;10.5;186.55;27.9;2.3275;13.89;14.38;15.01;71.55;84.38;28.555;6.903;3.1695;88.44;218.35;133.94;69.7;74.74;35.15;68.83;117.52;177.88;258.6;49.725;123.04;281.95;15.252;33.72;52.43;139.35
166.2;257.0;98.9;4.807;3.567;245.95;42.1;6.856;47.99;122.15;24.835;51.04;74.62;24.92;140.1;406.75;551.9;72.04;148.45;23.71;53.51;8.916;10.472;186.0;28.23;2.31;13.8;14.34;14.9;71.7;84.46;28.345;6.871;3.1835;88.34;218.8;133.62;68.94;73.62;34.9;68.75;117.34;176.7;260.4;49.575;122.52;281.95;15.212;33.715;51.96;138.55
166.7;258.7;98.98;4.7815;3.537;247.0;42.145;6.952;47.64;123.05;24.695;50.97;74.72;24.92;141.0;407.3;546.7;72.3;148.45;23.385;53.8;8.928;10.444;186.9;28.26;2.3005;13.714;14.36;15.0;71.87;84.51;28.56;6.856;3.2115;87.6;217.35;133.4;68.7;73.3;34.73;68.22;117.12;175.48;260.6;49.64;123.48;282.75;15.236;33.84;51.2;139.25
162.2;251.7;96.84;4.6935;3.482;238.65;41.24;6.796;47.08;119.6;24.415;50.35;73.24;24.54;136.4;396.55;540.4;71.42;144.85;23.07;53.26;8.594;10.32;180.4;27.67;2.271;13.572;14.06;14.38;71.33;82.52;28.42;6.605;3.141;86.5;213.55;129.78;67.56;71.91;34.35;67.58;116.2;174.78;255.8;48.64;119.44;275.05;14.906;33.285;49.855;135.6
162.65;251.0;96.72;4.657;3.4515;236.6;41.3;6.717;46.635;118.9;24.26;49.5;72.8;24.38;135.4;390.7;530.3;71.86;143.55;23.125;53.37;8.6;10.11;181.4;27.9;2.245;13.48;14.2;14.37;71.03;82.07;27.995;6.677;3.151;86.1;213.3;124.06;67.67;71.81;33.91;67.38;116.92;174.3;255.5;49.32;120.16;278.1;14.918;33.305;49.245;136.65
161.5;253.1;98.1;4.729;3.5525;242.75;41.705;6.843;47.21;120.8;24.535;50.29;73.2;24.36;136.3;396.0;538.1;72.3;145.15;23.175;53.84;8.672;10.318;184.9;28.04;2.291;13.652;14.4;13.7;71.44;83.89;28.855;6.73;3.1855;88.12;216.0;127.98;69.32;72.76;34.44;68.35;117.94;175.16;258.9;50.2;122.08;277.85;15.032;33.79;49.6;138.4
161.25;251.2;97.16;4.724;3.537;244.35;41.805;6.785;47.13;121.35;24.635;50.26;73.28;24.46;137.65;396.2;540.0;72.16;146.15;23.29;53.51;8.664;10.316;182.6;28.04;2.288;13.644;14.495;13.56;70.57;83.13;29.095;6.723;3.1505;88.7;214.2;127.0;68.98;72.81;34.44;67.87;116.14;174.94;257.5;49.845;121.24;276.1;15.01;33.645;49.26;137.35
163.2;256.7;98.24;4.783;3.585;252.6;42.61;6.868;47.955;122.4;24.85;50.94;74.48;24.7;138.75;401.35;549.1;72.76;148.4;23.735;54.38;8.772;10.426;185.55;28.92;2.3135;13.77;14.6;13.59;71.8;83.56;29.355;6.775;;90.58;217.1;127.04;69.18;73.79;35.09;68.29;116.8;176.6;259.4;49.42;122.2;279.2;15.064;34.08;49.455;137.4
162.7;254.2;97.94;4.756;3.589;251.95;42.75;6.761;47.585;122.65;24.8;50.77;74.02;24.9;137.3;399.25;544.1;72.48;148.0;23.5;54.47;8.794;10.478;185.35;28.73;2.297;13.626;14.44;13.46;71.33;81.86;29.33;6.677;3.1255;90.26;216.0;124.94;68.77;73.18;34.9;67.79;116.02;175.82;260.5;49.555;121.94;273.9;15.024;34.045;49.055;137.0
162.5;255.5;98.58;4.76;3.583;251.75;42.59;6.743;47.645;122.25;24.63;50.27;73.7;24.8;139.05;396.8;546.4;72.18;146.35;23.25;54.41;8.792;10.406;184.85;28.62;2.304;13.666;14.415;13.335;70.68;86.66;29.16;6.731;3.13;89.48;215.55;124.22;69.0;73.2;34.82;67.35;115.36;175.7;260.2;49.795;121.74;275.05;14.892;33.965;48.755;136.2
162.6;254.4;98.98;4.7645;3.5615;254.15;42.675;6.761;47.395;122.35;24.54;50.4;74.24;24.85;138.9;399.6;544.9;71.76;146.8;22.8;54.0;8.948;10.43;185.75;30.12;2.311;13.592;14.64;13.335;71.01;87.95;29.25;6.805;3.14;90.46;216.1;124.0;69.1;74.21;35.1;67.55;117.2;178.24;261.5;50.02;121.4;278.4;14.896;34.275;49.495;138.2
161.5;256.3;98.26;4.921;3.688;255.45;42.47;6.693;47.625;122.85;24.76;51.65;73.36;24.98;139.0;398.2;552.0;71.52;145.65;22.465;53.77;8.91;10.644;187.8;30.16;2.3525;13.65;14.5;13.38;70.1;88.51;30.105;6.846;3.2295;92.02;218.25;124.16;69.8;74.81;35.35;68.09;117.88;179.58;263.8;50.32;122.12;278.2;14.778;34.22;49.92;137.65
161.0;256.3;98.26;4.9495;3.711;259.85;42.515;6.726;47.82;123.75;24.78;52.05;73.38;25.21;140.6;403.8;562.0;72.66;144.75;22.44;54.18;8.998;10.7;187.6;30.55;2.328;13.604;14.585;13.275;70.21;89.15;30.295;6.925;3.2165;92.5;219.7;125.9;71.01;75.87;35.72;68.38;117.78;183.3;263.9;50.81;124.16;278.6;14.762;34.62;50.63;137.75
161.15;261.2;99.22;5.065;3.7985;263.0;42.84;6.851;48.28;124.75;24.96;53.2;73.9;25.43;141.75;409.7;578.6;72.78;141.55;22.55;54.99;9.08;10.858;189.05;31.1;2.3465;13.624;14.645;13.345;71.77;90.6;30.76;6.94;3.2555;93.74;221.2;129.22;71.59;75.89;36.09;68.85;119.9;182.24;265.2;51.03;124.72;285.8;14.884;34.905;50.86;140.75
160.3;256.0;98.88;5.048;3.7655;263.0;43.245;6.621;48.785;124.35;25.06;53.08;73.08;25.4;140.5;402.65;573.8;73.14;139.4;22.34;51.45;9.158;10.89;187.95;31.03;2.363;13.702;14.73;13.445;71.23;89.6;30.755;7.01;3.2655;92.26;222.6;131.5;70.06;74.99;35.58;67.25;118.24;181.1;267.3;50.0;120.56;286.9;14.86;34.79;51.05;140.05
160.1;255.9;97.58;5.095;3.7965;263.6;43.445;6.579;48.61;124.6;25.09;53.27;74.02;25.33;139.7;400.85;578.5;72.86;139.0;22.51;50.95;9.164;10.968;186.75;31.1;2.366;13.818;14.485;13.275;72.1;90.0;30.91;6.982;3.267;91.8;221.1;130.72;70.84;75.16;35.81;67.02;116.88;179.68;265.2;49.385;119.58;289.65;14.742;34.375;50.31;139.7
159.0;258.9;97.38;5.154;3.796;261.1;43.31;6.478;49.0;125.1;25.04;53.51;73.98;25.4;138.4;402.25;577.8;72.48;139.85;22.72;51.18;9.12;10.894;187.6;31.27;2.38;13.846;14.5;13.255;72.17;90.09;31.075;7.001;3.25;91.6;218.95;130.82;71.01;74.1;35.53;67.29;117.44;177.1;265.9;49.52;119.56;288.35;14.734;34.24;49.91;137.75
160.35;264.7;99.38;5.142;3.8225;264.6;43.87;6.533;49.07;126.9;25.405;53.56;74.86;25.84;137.5;410.5;580.1;72.2;140.25;22.52;51.68;9.268;10.924;191.5;31.43;2.405;13.974;14.75;13.305;74.06;90.86;31.4;7.206;3.2765;92.38;220.75;131.88;71.5;74.15;35.78;67.94;118.14;176.96;266.1;50.01;120.94;291.45;14.802;34.485;49.97;141.5
161.2;265.3;99.6;5.09;3.765;266.4;43.87;6.454;49.355;126.45;25.39;53.11;74.74;25.93;138.15;413.8;582.0;72.76;140.85;22.61;51.82;9.28;10.808;190.9;31.66;2.4005;14.016;14.655;13.25;74.25;90.71;31.19;7.175;3.284;92.3;220.6;132.78;73.6;73.54;35.86;67.54;117.52;176.16;266.7;49.905;120.76;291.1;14.72;34.015;49.785;139.95
162.55;264.5;98.76;5.061;3.755;264.9;44.04;6.412;49.475;126.0;25.26;52.98;74.34;25.99;138.6;414.1;587.4;73.7;140.85;22.775;51.45;9.246;10.81;;31.77;;;14.62;13.28;74.1;90.63;31.175;;;92.2;;133.14;;;35.95;;;;;;;;;;;
162.0;266.1;99.54;5.039;3.7565;266.9;43.96;6.414;49.29;126.85;25.21;52.97;74.5;25.92;139.15;417.6;590.7;73.64;139.85;22.75;51.93;9.322;10.77;191.15;32.15;2.355;14.0;14.69;13.195;74.48;90.84;31.08;7.138;3.28;92.5;220.6;133.28;73.21;73.51;36.25;67.9;118.24;176.66;265.4;50.16;121.4;292.5;14.716;34.405;49.84;140.55
161.3;263.2;98.98;5.005;3.7425;262.9;43.575;6.32;49.185;125.95;25.095;52.73;74.0;25.77;134.9;414.6;586.3;72.92;137.1;22.605;51.46;9.284;10.7;190.8;31.75;2.3485;13.846;14.515;13.13;73.73;89.75;30.975;7.072;3.296;91.54;218.4;130.0;72.81;73.14;35.65;67.35;116.54;176.24;263.0;50.18;120.32;289.8;14.57;34.01;49.37;140.15
159.4;264.0;99.0;4.983;3.73;263.7;43.52;6.227;49.2;126.2;25.11;52.83;73.9;25.82;135.8;414.2;585.2;72.8;137.65;22.295;51.23;9.18;10.688;;31.45;;;14.4;13.12;72.71;89.62;31.015;;;91.5;;130.48;;;35.67;;;;;;;;;;;
160.35;264.2;99.84;5.11;3.866;269.4;43.975;6.332;49.815;126.7;25.46;53.58;73.98;26.25;136.7;419.15;598.0;72.9;137.6;22.69;51.38;9.22;11.048;190.05;31.75;2.381;14.008;14.695;13.175;74.49;90.22;31.655;7.212;3.464;93.06;221.5;133.52;73.52;74.22;36.5;68.29;118.64;180.5;265.9;50.01;122.0;291.55;14.61;34.285;49.975;141.15
161.2;263.9;99.22;5.054;3.806;267.95;43.77;6.337;50.38;126.3;25.47;52.94;74.62;26.31;136.25;419.1;600.9;73.26;138.0;22.54;51.36;9.178;10.948;185.3;31.81;2.3495;14.106;14.69;13.26;74.4;90.78;31.335;7.211;3.447;92.82;219.05;134.04;72.58;73.32;35.74;67.27;116.36;176.64;262.6;49.78;120.46;291.95;14.614;33.8;49.07;139.4
161.2;263.0;98.72;5.032;3.7745;263.1;43.535;6.345;50.44;125.45;25.135;52.68;74.76;25.88;136.1;415.15;590.8;72.6;136.45;22.54;50.96;9.132;10.862;183.6;31.53;2.34;14.316;14.705;13.19;74.27;91.35;31.08;7.226;;92.7;217.7;133.46;71.74;73.05;35.59;66.27;115.82;176.62;262.7;49.365;119.56;289.65;14.578;33.625;48.805;138.35
160.55;259.6;98.04;5.01;3.7565;268.4;43.775;6.249;50.11;124.9;25.29;52.66;74.06;25.85;137.05;416.0;596.3;73.28;137.7;22.46;50.51;8.954;10.924;185.3;31.93;2.345;14.32;14.89;13.2;74.06;91.03;31.46;7.23;3.5845;92.32;218.2;132.0;72.13;74.22;35.72;66.3;116.56;176.06;264.5;49.475;120.1;294.75;14.606;33.92;49.195;139.15
159.45;261.2;99.92;5.058;3.759;270.7;43.745;6.161;50.24;125.0;25.28;52.78;72.56;25.75;138.9;418.8;597.3;73.08;137.5;22.335;49.82;8.984;11.078;185.85;32.0;2.338;14.206;14.87;13.11;73.46;91.34;31.77;7.27;3.6215;92.56;218.3;134.38;74.0;74.41;35.45;65.73;117.04;176.82;265.0;49.62;120.82;302.85;14.548;34.28;49.47;142.25
159.7;262.8;98.92;5.08;3.7685;272.4;44.69;6.181;49.96;125.5;25.25;52.4;72.7;25.97;141.15;424.5;595.9;74.3;139.45;22.19;50.16;8.83;11.006;188.45;31.87;2.374;14.14;14.81;13.15;73.28;92.0;31.785;7.305;3.6255;91.8;220.7;134.92;74.72;74.36;35.42;66.31;118.4;181.72;268.7;50.32;123.16;310.0;14.85;34.625;49.68;144.1
158.9;263.9;99.42;4.997;3.7175;268.6;44.43;6.179;49.785;125.8;25.355;52.16;72.6;25.9;141.0;423.65;592.1;74.12;138.5;22.475;50.3;8.984;10.844;189.0;31.57;2.357;14.1;14.755;13.12;73.63;92.72;31.435;7.417;3.6535;92.14;220.25;134.42;75.36;74.57;35.02;65.83;116.0;185.52;267.8;50.07;123.76;309.05;14.762;34.05;49.43;144.15
162.8;262.5;99.74;4.9225;3.692;269.05;44.35;6.097;49.56;126.25;25.335;51.93;72.26;25.7;138.8;426.75;593.8;74.44;137.45;22.245;50.26;9.0;10.732;189.7;31.59;2.341;14.04;14.8;13.055;72.66;92.07;31.435;7.4;3.6695;91.86;219.65;135.12;74.73;73.63;35.4;65.79;115.76;185.28;267.6;49.57;123.76;309.15;14.652;33.725;48.895;143.25
165.7;263.8;100.4;4.859;3.619;269.5;44.895;6.066;49.16;127.0;24.685;52.17;71.4;25.3;139.85;431.0;592.1;75.54;137.6;22.275;50.22;9.032;10.758;190.5;31.5;2.347;13.874;14.81;13.04;72.03;91.27;31.435;7.4;3.6275;92.62;218.85;135.1;74.54;73.3;35.27;64.76;116.4;185.22;267.5;48.135;123.6;313.25;14.64;34.13;48.455;143.35
167.25;269.4;100.55;4.7765;3.5825;271.45;44.705;6.037;48.58;126.8;24.18;50.96;72.44;25.22;142.1;431.45;594.6;76.1;139.25;22.26;50.52;9.21;10.58;189.8;31.38;2.32;13.798;14.9;13.03;71.88;91.72;30.95;7.421;3.659;92.34;217.2;134.26;75.32;72.19;34.59;64.35;115.74;182.62;267.4;48.415;123.0;316.05;14.68;34.26;47.24;144.5
167.5;269.8;100.45;4.7875;3.634;270.2;44.59;6.1;48.79;127.35;24.2;50.59;73.5;25.31;142.1;431.9;605.1;76.7;141.0;22.09;50.68;9.312;10.62;190.2;31.28;2.3225;13.888;14.98;12.855;71.8;91.61;30.61;7.611;3.7725;92.62;217.35;133.4;74.76;71.17;34.59;64.39;116.06;179.92;267.4;48.04;122.44;313.9;14.696;34.395;46.875;145.0
170.6;275.3;102.4;4.8065;3.6775;270.9;45.03;6.15;48.505;129.4;24.375;50.75;73.7;25.21;144.7;439.05;610.2;78.6;142.55;22.565;51.07;9.404;10.62;192.15;31.75;2.3365;13.916;15.195;13.03;72.04;92.19;30.65;7.725;3.749;94.22;219.65;136.78;75.25;71.06;34.83;64.52;117.1;181.36;268.6;48.45;125.96;311.65;14.68;34.05;46.69;146.45
169.15;274.3;102.1;4.764;3.634;270.6;45.05;6.317;48.57;128.85;24.475;50.49;73.22;25.1;142.9;429.75;599.0;78.08;142.15;22.33;51.04;9.45;10.51;191.1;31.18;2.3185;13.882;15.3;13.06;71.42;91.9;30.585;7.629;3.7695;93.98;221.7;137.9;75.5;71.64;34.82;64.91;116.82;182.02;271.6;48.47;125.66;310.25;14.76;34.265;46.565;146.6
168.6;270.7;102.2;4.748;3.618;271.25;44.96;6.332;48.115;129.7;24.55;50.21;73.3;25.2;142.85;424.95;586.6;77.72;142.0;22.23;51.16;9.426;10.428;190.75;31.28;2.304;13.714;15.285;13.1;71.22;91.36;30.425;7.61;3.724;93.6;220.55;136.4;75.75;71.41;34.54;64.7;117.2;181.3;270.4;49.345;126.2;311.5;14.832;33.915;46.4;148.6
167.4;269.0;100.9;4.698;3.577;270.2;45.595;6.267;47.8;129.55;24.39;50.08;72.9;24.83;140.25;423.45;592.2;77.52;140.25;21.945;51.11;9.456;10.39;190.0;31.03;2.28;13.558;15.295;13.13;70.75;88.87;30.32;7.546;3.7095;92.98;219.1;137.98;74.68;70.95;34.49;64.16;116.02;179.14;271.2;48.88;126.6;315.05;14.868;33.87;45.415;150.55
165.8;267.0;101.35;4.664;3.572;264.5;44.775;6.182;47.32;128.55;24.145;49.955;73.32;24.98;139.2;411.95;573.4;75.6;142.1;21.995;50.94;9.668;10.254;188.1;31.02;2.268;13.458;15.5;13.06;69.99;89.21;30.175;7.62;3.6735;92.52;218.55;135.8;74.1;69.69;34.27;63.09;115.6;176.58;269.5;48.195;123.84;310.6;14.668;33.0;44.43;148.05
164.2;270.5;102.4;4.607;3.54;270.65;45.61;6.118;47.385;130.6;24.31;49.91;74.1;24.83;139.0;416.3;573.3;77.7;147.0;22.445;51.86;9.886;10.22;192.35;31.14;2.278;13.47;15.71;13.09;70.71;89.11;30.19;7.819;3.6755;94.22;220.95;139.0;75.25;69.41;34.99;63.69;117.92;177.52;272.7;48.825;126.9;313.0;14.8;33.205;43.94;150.1
158.6;258.0;99.66;4.5315;3.476;259.1;44.3;6.042;46.11;127.6;23.87;48.87;72.9;24.5;135.9;401.0;552.6;72.94;143.55;22.12;51.33;9.804;9.939;185.25;30.46;2.255;13.196;15.7;12.945;68.47;86.7;29.775;7.674;3.594;91.62;215.25;132.9;73.56;67.7;34.24;62.13;114.82;171.64;266.7;47.65;122.46;300.0;14.564;32.285;42.575;147.6
158.0;261.6;101.15;4.6005;3.551;261.75;43.38;6.269;46.475;129.4;24.165;49.42;73.18;24.77;138.0;412.0;561.8;73.94;144.5;22.46;51.88;9.848;10.072;188.45;30.93;2.3055;13.398;15.725;13.1;69.29;87.67;29.82;7.899;3.68;92.16;219.55;134.24;75.65;66.82;34.27;62.84;115.36;172.46;271.3;48.72;119.84;301.95;14.91;32.305;43.285;148.95
158.45;262.3;102.05;4.6675;3.7075;268.9;42.985;6.2;46.18;131.05;24.23;49.505;72.84;24.71;138.65;407.6;568.0;73.7;150.05;22.525;51.49;9.87;10.082;190.3;31.03;2.32;13.288;15.88;12.955;69.27;88.67;29.83;8.009;3.602;93.7;220.85;136.56;74.9;66.55;34.86;63.06;116.32;169.92;272.0;48.475;120.0;296.3;14.858;32.71;43.415;150.0
156.55;259.6;101.15;4.7085;3.6665;265.0;42.425;6.159;44.92;130.9;24.235;48.89;72.5;24.66;136.85;398.9;561.2;71.68;147.6;22.36;52.45;9.9;10.022;187.3;30.92;2.2915;12.926;15.63;12.875;68.5;87.86;29.51;8.088;3.555;91.86;218.45;134.5;73.46;65.56;34.38;62.0;113.74;164.0;268.8;47.0;118.18;292.9;14.678;31.99;42.79;148.6
156.5;251.9;100.2;4.6685;3.554;254.25;41.4;6.109;44.145;130.75;24.08;48.045;72.4;24.76;134.25;395.3;555.0;70.82;145.95;22.2;52.7;9.87;9.825;184.05;30.37;2.2455;12.658;15.56;12.805;68.42;86.95;29.225;7.855;3.5195;90.52;215.85;133.24;73.05;64.34;33.92;61.07;111.64;162.38;266.3;46.125;117.82;285.8;14.606;31.575;41.805;147.05
157.0;255.0;100.5;4.665;3.5625;260.0;41.985;6.11;43.76;131.9;24.07;48.34;72.76;24.9;135.8;396.75;554.1;72.18;146.9;21.885;52.97;9.902;9.847;186.15;30.55;2.285;12.61;15.63;12.8;68.24;87.6;29.285;7.966;3.547;91.8;217.1;133.68;73.32;64.38;34.38;60.7;111.22;162.8;270.3;46.33;120.0;285.0;14.638;31.47;41.62;149.45
159.3;261.5;102.2;4.7855;3.691;269.95;43.21;6.177;44.8;133.0;24.4;49.29;73.38;25.11;136.25;410.6;569.0;74.42;148.3;22.26;53.19;9.946;10.096;192.6;31.26;2.3515;12.788;15.645;12.63;69.25;88.56;29.635;8.0;3.618;94.04;219.85;138.0;75.4;64.95;34.9;61.99;112.98;167.08;272.0;46.745;122.98;291.4;14.674;32.075;42.35;151.3
158.3;263.1;104.05;4.927;3.794;276.35;43.51;6.159;45.435;134.95;24.71;49.61;73.16;25.28;137.85;415.0;573.6;73.94;147.5;22.25;53.97;10.2;10.294;194.55;31.43;2.4495;13.028;15.535;12.605;69.75;89.93;30.29;8.07;3.618;95.58;224.55;136.88;77.28;66.22;35.22;62.89;113.72;170.64;274.7;47.39;124.6;290.45;14.73;32.66;44.055;150.2
161.4;267.8;103.5;5.1;3.83;280.65;44.075;6.222;45.9;135.25;24.745;50.41;73.76;25.57;137.25;418.05;572.0;74.66;147.6;22.4;54.42;10.38;10.49;197.15;31.96;2.4715;12.97;15.71;12.76;69.89;93.65;30.6;8.13;3.7;95.98;227.3;137.0;78.29;66.33;35.42;62.94;108.68;170.4;276.2;48.185;124.42;289.6;14.848;32.88;44.075;152.0
161.3;270.7;103.65;5.227;3.859;278.55;44.0;6.216;45.26;134.9;24.81;51.83;73.44;25.49;137.0;413.95;565.7;73.32;150.25;22.325;54.51;10.275;10.57;196.75;31.89;2.476;12.906;15.64;12.79;68.5;93.58;30.55;8.177;3.957;95.62;227.7;136.78;77.63;64.69;35.12;62.44;108.3;166.42;277.8;47.845;124.08;289.1;14.902;32.69;42.885;152.35
160.8;270.8;104.4;5.242;3.8365;281.0;44.345;6.177;44.575;134.65;24.91;51.64;73.42;25.63;137.6;413.55;562.5;73.88;148.6;22.4;54.52;10.38;10.524;197.05;31.85;2.459;12.78;15.625;12.775;68.23;93.47;30.15;8.2;3.835;95.4;228.0;136.62;77.12;63.81;35.37;62.69;108.3;164.38;277.5;48.6;123.66;286.05;14.864;32.525;43.045;153.0
160.0;273.0;105.0;5.233;3.87;288.45;44.605;6.17;44.99;137.9;25.16;52.73;73.62;25.51;138.35;412.35;562.7;74.04;149.55;22.3;54.75;10.505;10.682;199.1;32.0;2.4825;12.926;15.915;12.695;67.72;93.93;30.4;8.193;4.06;96.06;229.0;138.0;77.2;64.41;35.9;63.17;109.44;167.44;277.4;49.155;125.36;286.8;15.422;32.965;42.635;153.65
160.65;271.1;105.65;5.329;3.955;290.75;44.865;6.33;45.485;138.8;25.265;53.58;73.42;25.4;138.95;424.7;598.0;74.0;147.35;22.54;54.78;10.43;10.836;199.05;31.5;2.5075;13.1;15.94;12.845;68.02;92.93;31.55;8.132;4.07;96.62;230.55;136.6;77.66;67.07;36.11;63.86;109.58;173.14;278.6;49.09;126.82;290.7;15.612;33.23;43.995;153.25
166.75;271.5;105.0;5.298;3.939;292.3;44.7;6.234;45.395;140.0;25.27;53.57;71.92;25.23;139.5;421.55;596.4;73.24;145.2;22.81;54.7;10.59;10.772;205.4;31.25;2.51;12.988;15.91;13.27;68.03;92.38;31.665;8.207;4.016;97.38;230.25;132.8;77.3;66.59;35.9;62.68;107.16;172.54;281.2;48.74;126.8;287.7;15.56;33.42;43.245;153.6
165.95;269.0;105.5999984741211;5.275000095367432;3.942500114440918;292.9500122070312;44.49499893188477;6.252999782562256;45.5;139.25;25.41500091552734;53.91999816894531;72.80000305175781;25.36000061035156;139.4499969482422;418.0;582.4000244140625;73.13999938964844;145.6499938964844;23.06999969482422;54.70999908447266;10.72500038146973;10.78999996185303;204.8999938964844;31.45000076293945;2.497499942779541;13.03400039672852;16.07999992370605;13.34000015258789;68.02999877929688;92.33000183105469;32.02500152587891;8.230999946594238;3.94950008392334;97.33999633789062;231.6999969482422;131.2599945068359;77.72000122070312;66.47000122070312;36.11000061035156;63.16999816894531;107.620002746582;171.8000030517578;282.7999877929688;48.78499984741211;126.7399978637695;289.25;15.65799999237061;33.3650016784668;43.53499984741211;153.75
